id,name,state,city,market,locationStatus,evidenceStatus,samEntryId,suggestionRows,suggestedCities
wing-1,Bar-Bill Tavern,NY,,"East Aurora, NY",Market-level seed; exact branch not verified,scored-visit,sam-row-3,"[1206,1207,1208,1209,1218,1219,1220,1225,1226,1227,1228,1210,1211,1212,1213,1221,1229,1214,1215,1216,1223]","[""Buffalo"",""Buffalo (specifically Aurora location)"",""East Aurora""]"
wing-2,J. Timothy's Taverne,CT,,"Plainville, CT",Market-level seed; exact branch not verified,scored-visit,sam-row-9,"[284,285,286,287]","[""Plainville""]"
wing-3,Valley Wings,AZ,,"Phoenix, AZ",Market-level seed; exact branch not verified,jon-seed,,"[125,126,127]","[""Phoenix""]"
wing-4,Buff's Pub,MA,,"Newton, MA",Market-level seed; exact branch not verified,jon-seed,,"[731,732,733]","[""Newton""]"
wing-5,The Peanut,MO,,"Kansas City, MO",Market-level seed; exact branch not verified,scored-visit,sam-row-21,"[926,927,928,929,930,931,932,933,934,935,936,937,938,939,940,941,942,943,944,945,946,947,948,951,952,949,950]","[""Kansas City"",""Lees Summit""]"
wing-6,Seoulside Wings,TX,,"Houston, TX",Market-level seed; exact branch not verified,jon-seed,,[],
wing-7,Vindicktive Bar & Wings,WA,,"Seattle, WA",Market-level seed; exact branch not verified,scored-visit,sam-row-13,[1847],"[""Seattle""]"
wing-8,Gabriel's Gate,NY,,"Buffalo, NY",Market-level seed; exact branch not verified,scored-visit,sam-row-59,"[1298,1299,1300,1301,1302,1303,1304,1306,1307,1308,1309,1310,1305]","[""Buffalo""]"
wing-9,Clay's Sports Cafe,GA,,"Atlanta, GA",Market-level seed; exact branch not verified,jon-seed,,"[394,395]","[""Atlanta"",""Sandy Springs""]"
wing-10,Kislings Tavern,MD,,"Baltimore, MD",Market-level seed; exact branch not verified,jon-seed,,[],
wing-11,Double Dub's,WY,,Wyoming,Market-level seed; exact branch not verified,scored-visit,sam-row-4,"[1947,1949,1956,1957]","[""Laramie"",""Cheyenne""]"
wing-12,Gators Wing Shack,IL,,"Palatine, IL",Market-level seed; exact branch not verified,jon-seed,,"[562,563,565,566,567]","[""Palatine"",""Palatine, Illinois- about 15 minutes away from o’hare airport""]"
wing-13,Center Street Grille,PA,,"Enola, PA",Market-level seed; exact branch not verified,jon-seed,,[],
wing-14,AJ's Wings,NM,,"Portales, NM",Market-level seed; exact branch not verified,jon-seed,,[1166],"[""Portales""]"
wing-15,Mario's Fishbowl,WV,,"Morgantown, WV",Market-level seed; exact branch not verified,jon-seed,,[],
wing-16,Chute Rooster,SD,,"Hill City, SD",Market-level seed; exact branch not verified,jon-seed,,[],
wing-17,Bayou Hot Wings,LA,,"New Orleans, LA",Market-level seed; exact branch not verified,jon-seed,,[705],"[""New Orleans""]"
wing-18,Jimmy's Old Town Tavern,VA,,"Herndon, VA",Market-level seed; exact branch not verified,jon-seed,,[1811],"[""Herndon""]"
wing-19,Stark House Tavern,NH,,"Weare, NH",Market-level seed; exact branch not verified,scored-visit,sam-row-31,[],
wing-20,The Original Wing Factory,GA,,"Atlanta, GA",Market-level seed; exact branch not verified,jon-seed,,[],
wing-21,Wing Doozy,MI,,Michigan,Market-level seed; exact branch not verified,jon-seed,,"[825,826]","[""Grand Rapids"",""Wyoming""]"
wing-22,Scovilles,UT,,"Salt Lake City, UT",Market-level seed; exact branch not verified,jon-seed,,[1780],"[""Salt Lake City""]"
wing-23,Nawf of the City B&G,AR,,"North Little Rock, AR",Market-level seed; exact branch not verified,jon-seed,,[],
wing-24,Fire on the Mountain,OR,,"Portland, OR",Market-level seed; exact branch not verified,scored-visit,sam-row-60,"[1529,1530,1531,1532,1533,1534,1535,1536,1537,1538,1539,1540,1541]","[""Portland""]"
wing-25,Ale Emporium,IN,,"Indianapolis, IN",Market-level seed; exact branch not verified,scored-visit,sam-row-67,"[588,589,590,591,592,593,594,595,596,600,597,598,599,601]","[""Greenwood"",""Indianapolis"",""Indianapolis or Greenwood""]"
wing-26,Supreme Hot Wings,TN,,"Memphis, TN",Market-level seed; exact branch not verified,jon-seed,,[],
wing-27,Desperado Sports Tavern,MT,,"Missoula, MT",Market-level seed; exact branch not verified,scored-visit,sam-row-62,[],
wing-28,Moosehead Grille,NC,,"Charlotte, NC",Market-level seed; exact branch not verified,scored-visit,sam-row-44,[],
wing-29,Crispy Gài,ME,,"Portland, ME",Market-level seed; exact branch not verified,jon-seed,,[],
wing-30,Flanigan's,FL,,South Florida,Market-level seed; exact branch not verified,jon-seed,,"[330,331]","[""Palm Beach County""]"
wing-31,Legend Larry's,WI,,Wisconsin,Market-level seed; exact branch not verified,scored-visit,sam-row-17,"[1883,1884,1888,1889,1890,1891,1893,1885,1886,1887]","[""Green Bay"",""Sheboygan Falls""]"
wing-32,Wing Supreme,OK,,"Oklahoma City, OK",Market-level seed; exact branch not verified,scored-visit,sam-row-45,"[1521,1522]","[""Oklahoma City""]"
wing-33,The Local,GA,,"Atlanta, GA",Market-level seed; exact branch not verified,scored-visit,sam-row-2,"[422,423,424,425,426,427,428]","[""Atlanta""]"
wing-34,Colorado Hots,CO,,"Wheat Ridge, CO",Market-level seed; exact branch not verified,jon-seed,,[],
wing-35,Chicago Pizza & Sports,GA,,"Atlanta, GA",Market-level seed; exact branch not verified,jon-seed,,[],
wing-36,Chicken Coop Kitchen & Bar,RI,,"Johnston, RI",Market-level seed; exact branch not verified,jon-seed,,[],
wing-37,Trap Wingz,GA,,"Atlanta, GA",Atlanta market verified from official locations; historical tasting branch unresolved,jon-seed,,[],
wing-38,"Momma's Mustard, Pickles & BBQ",KY,,"Louisville, KY",Market-level seed; exact branch not verified,scored-visit,sam-row-69,[],
wing-39,The Pig and the Lady,HI,,"Honolulu, HI",Market-level seed; exact branch not verified,jon-seed,,[],
wing-40,Oscars Pizza & Sports Grille,NE,,"Omaha, NE",Market-level seed; exact branch not verified,scored-visit,sam-row-84,[],
wing-41,Parrot's Cay Tavern,ND,,"Grand Forks, ND",Market-level seed; exact branch not verified,scored-visit,sam-row-41,[],
wing-42,The Camp Restaurant,MS,,"Natchez, MS",Market-level seed; exact branch not verified,jon-seed,,[],
wing-43,Local Cue,SC,,"Greenville, SC",Market-level seed; exact branch not verified,scored-visit,sam-row-58,"[1609,1610]","[""Greenville""]"
wing-44,Wingnutz Buffalo,NY,,"Buffalo, NY",Market-level seed; exact branch not verified,scored-visit,sam-row-11,[],
wing-45,Winky's Wings,AK,,"Anchorage, AK",Market-level seed; exact branch not verified,scored-visit,sam-row-68,"[11,12]","[""Anchorage""]"
wing-46,Southeast Kitchen,DE,,"Wilmington, DE",Market-level seed; exact branch not verified,jon-seed,,[],
wing-47,Barbacoa Grill,ID,,"Boise, ID",Market-level seed; exact branch not verified,jon-seed,,[],
wing-48,Hog Wild Beach & BBQ,AL,,"Gulf Shores, AL",Market-level seed; exact branch not verified,jon-seed,,[],
wing-49,D-Spot,MN,,"Oakdale, MN",Market-level seed; exact branch not verified,scored-visit,sam-row-56,"[840,863,841,842,843,844,852,854,855,856,857,858,859,860,862,845,846,847,848,849,850,851,861,853]","[""Minneapolis"",""Oakdale"",""Oakville"",""Oakdale Minnesota""]"
wing-50,Honey Road,VT,,"Burlington, VT",Market-level seed; exact branch not verified,jon-seed,,[],
sam-row-5,Nine Eleven,NY,,NY,State-level source; branch unknown,scored-visit,sam-row-5,[],
sam-row-6,Kelly's Korner,NY,,NY,State-level source; branch unknown,scored-visit,sam-row-6,"[1320,1321,1322]","[""Buffalo""]"
sam-row-7,Dirty Birds,CA,,CA,State-level source; branch unknown,scored-visit,sam-row-7,"[146,147,148,149,150,151]","[""San Diego""]"
sam-row-8,Elmo's,NY,,NY,State-level source; branch unknown,scored-visit,sam-row-8,"[1290,1291,1292,1293,1294,1295]","[""Buffalo""]"
sam-row-10,Sonny Red's,NY,,NY,State-level source; branch unknown,scored-visit,sam-row-10,[],
sam-row-12,Ching's Hot Wings,TN,,TN,State-level source; branch unknown,scored-visit,sam-row-12,"[1662,1663]","[""Memphis""]"
sam-row-14,Everett's,NE,,NE,State-level source; branch unknown,scored-visit,sam-row-14,"[1064,1065,1066,1067,1068,1073,1074,1069,1070,1071,1072]","[""Omaha""]"
sam-row-15,Doc Sullivan's,NY,,NY,State-level source; branch unknown,scored-visit,sam-row-15,"[1262,1263]","[""Buffalo""]"
sam-row-16,Runyon's,MN,,MN,State-level source; branch unknown,scored-visit,sam-row-16,"[873,874,875,876,877,878,881,879,880]","[""Minneapolis""]"
sam-row-18,The Dirty Buffalo,VA,,VA,State-level source; branch unknown,scored-visit,sam-row-18,[],
sam-row-19,Long Wong's,AZ,,AZ,State-level source; branch unknown,scored-visit,sam-row-19,"[98,99,100,101,102,103]","[""Laveen"",""Phoenix""]"
sam-row-20,Wayne's Wings,TX,,TX,State-level source; branch unknown,scored-visit,sam-row-20,"[1756,1757,1758,1759,1760,1761,1762,1763]","[""San Antonio""]"
sam-row-22,La Nova,NY,,NY,State-level source; branch unknown,scored-visit,sam-row-22,"[1323,1324,1325]","[""Buffalo""]"
sam-row-23,Jim's Wings,CO,,CO,State-level source; branch unknown,scored-visit,sam-row-23,"[206,207,208,209,210]","[""Fort Collins""]"
sam-row-24,KOK,LA,,LA,State-level source; branch unknown,scored-visit,sam-row-24,"[719,720,721]","[""Baton Rouge"",""Lafayette""]"
sam-row-25,Brother Z's Wang Shack,TN,,TN,State-level source; branch unknown,scored-visit,sam-row-25,[1654],"[""Nashville""]"
sam-row-26,Adolf's First Ward,NY,,NY,State-level source; branch unknown,scored-visit,sam-row-26,[],
sam-row-27,Duff's,NY,,NY,State-level source; branch unknown,scored-visit,sam-row-27,"[1268,1269,1270,1271,1272,1274,1275,1276,1277,1278,1279,1280,1281,1282,1273]","[""Buffalo""]"
sam-row-28,Pluckers,TX,,TX,State-level source; branch unknown,scored-visit,sam-row-28,"[1709,1713,1714,1715,1710,1720,1721,1722,1723,1724,1725,1726,1727,1728,1729,1730,1731,1732,1733,1734,1735,1736,1737,1738,1739,1740,1716,1717,1718,1719]","[""Austin"",""Fort Worth"",""Houston""]"
sam-row-29,Anchor Bar,NY,,NY,State-level source; branch unknown,scored-visit,sam-row-29,"[1198,1199,1200,1201,1202,1203]","[""Buffalo""]"
sam-row-30,San Tung,CA,,CA,State-level source; branch unknown,scored-visit,sam-row-30,"[169,170,171,172]","[""San Francisco""]"
sam-row-32,Q39,KS,,KS,State-level source; branch unknown,scored-visit,sam-row-32,[],
sam-row-33,Chick'n Headz,AR,,AR,State-level source; branch unknown,scored-visit,sam-row-33,"[43,48,49,50,44,45,46,47]","[""Fayetteville""]"
sam-row-34,Willy's Ale Room,ME,,ME,State-level source; branch unknown,scored-visit,sam-row-34,[772],"[""Acton""]"
sam-row-35,Sweetwater Tavern,MI,,MI,State-level source; branch unknown,scored-visit,sam-row-35,"[801,802,803,804,805,806,807,808,809,810,811,812,813,814,815,816]","[""Detroit""]"
sam-row-36,Pic-a-Lilli Inn,NJ,,NJ,State-level source; branch unknown,scored-visit,sam-row-36,[],
sam-row-37,Odis 12,PA,,PA,State-level source; branch unknown,scored-visit,sam-row-37,"[1576,1577,1578]","[""Erie""]"
sam-row-38,Domu,FL,,FL,State-level source; branch unknown,scored-visit,sam-row-38,"[321,322,323,324,325]","[""Jacksonville"",""Orlando""]"
sam-row-39,Rooster's,OH,,OH,State-level source; branch unknown,scored-visit,sam-row-39,"[1448,1456,1457,1458,1449,1450,1451,1452,1453,1463,1464,1465,1466,1467,1468,1459,1460,1461,1462]","[""Columbus"",""Springboro"",""Columbus and surrounding counties"",""Dayton"",""Lancaster"",""There are a few. Mine is in Springboro""]"
sam-row-40,Drover's Inn,WV,,WV,State-level source; branch unknown,scored-visit,sam-row-40,[1939],"[""Wellsburg""]"
sam-row-42,CD's Wings,CO,,CO,State-level source; branch unknown,scored-visit,sam-row-42,"[182,183,184,185,186,187,188]","[""Arvada"",""Westminster""]"
sam-row-43,Chicken Licks,WI,,WI,State-level source; branch unknown,scored-visit,sam-row-43,"[1860,1861,1862,1863,1864,1865,1866,1867,1868,1869,1870,1871,1872,1873,1874]","[""Madison"",""Sun Prairie"",""Sun Prarie"",""Madison, Sun Prairie"",""Sun prarie Wisconsin""]"
sam-row-46,Candlelight Inn,NY,,NY,State-level source; branch unknown,scored-visit,sam-row-46,"[1242,1243,1244,1245,1246,1247,1248]","[""Scarsdale""]"
sam-row-47,Baumhower's Victory Grille,AL,,AL,State-level source; branch unknown,scored-visit,sam-row-47,[16],"[""Tuscaloosa""]"
sam-row-48,Trolley Wing Co,UT,,UT,State-level source; branch unknown,scored-visit,sam-row-48,"[1783,1784,1785,1786,1787]","[""Salt Lake City""]"
sam-row-49,Knockback Nat's,OH,,OH,State-level source; branch unknown,scored-visit,sam-row-49,"[1418,1421,1422,1426,1419,1424,1425,1423]","[""Cincinnatti"",""Cincinnati""]"
sam-row-50,Circus Bar & Grill,SD,,SD,State-level source; branch unknown,scored-visit,sam-row-50,[],
sam-row-51,Off the Wall,HI,,HI,State-level source; branch unknown,scored-visit,sam-row-51,[],
sam-row-52,Mammoser's,NY,,NY,State-level source; branch unknown,scored-visit,sam-row-52,[1332],"[""Hamburg""]"
sam-row-53,Frank's Famous Chicken and Waffles,NM,,NM,State-level source; branch unknown,scored-visit,sam-row-53,[],
sam-row-54,Windjammer's,NY,,NY,State-level source; branch unknown,scored-visit,sam-row-54,"[1375,1376,1377]","[""Rochester""]"
sam-row-55,iBar,MD,,MD,State-level source; branch unknown,scored-visit,sam-row-55,[752],"[""Baltimore""]"
sam-row-57,Dan and John's,NY,,NY,State-level source; branch unknown,scored-visit,sam-row-57,[],
sam-row-61,KoChix,DC,,DC,State-level source; branch unknown,scored-visit,sam-row-61,[],
sam-row-63,Old Union Hotel,NY,,NY,State-level source; branch unknown,scored-visit,sam-row-63,"[1344,1345,1346]","[""Binghamton""]"
sam-row-64,Fox Bros,GA,,GA,State-level source; branch unknown,scored-visit,sam-row-64,[],
sam-row-65,Lisa G's,NY,,NY,State-level source; branch unknown,scored-visit,sam-row-65,[1328],"[""Lake Placid""]"
sam-row-66,Bird Box,CA,,CA,State-level source; branch unknown,scored-visit,sam-row-66,[],
sam-row-70,Foghorn's,AR,,AR,State-level source; branch unknown,scored-visit,sam-row-70,"[56,57,58,59,60]",[]
sam-row-71,Q Bistro,NV,,NV,State-level source; branch unknown,scored-visit,sam-row-71,"[1183,1184,1185]","[""Las Vegas""]"
sam-row-72,Han's Chimaek,ID,,ID,State-level source; branch unknown,scored-visit,sam-row-72,"[506,507,508,509,510,511,512,513]","[""Boise""]"
sam-row-73,Buffalo Joe's,IL,,IL,State-level source; branch unknown,scored-visit,sam-row-73,"[545,546,547,549,552,553,548]","[""Evanston"",""Chicago""]"
sam-row-74,Blondie's,NY,,NY,State-level source; branch unknown,scored-visit,sam-row-74,[],
sam-row-75,Good Chicken,HI,,HI,State-level source; branch unknown,scored-visit,sam-row-75,[443],"[""Oahu""]"
sam-row-76,Buffalo Wild Wings,NY,,NY,State-level source; branch unknown,scored-visit,sam-row-76,[],
sam-row-77,Valley View Saloon,VT,,VT,State-level source; branch unknown,scored-visit,sam-row-77,[],
sam-row-78,Fairley's,MS,,MS,State-level source; branch unknown,scored-visit,sam-row-78,[959],"[""Hattiesburg""]"
sam-row-79,Jamal's,GA,,GA,State-level source; branch unknown,scored-visit,sam-row-79,[],
sam-row-80,Glen Park Tavern,NY,,NY,State-level source; branch unknown,scored-visit,sam-row-80,[],
sam-row-81,Gerri's,IA,,IA,State-level source; branch unknown,scored-visit,sam-row-81,"[458,459,460,461,462,463]","[""Des Moines""]"
sam-row-82,Great Northern BBQ,RI,,RI,State-level source; branch unknown,scored-visit,sam-row-82,[],
sam-row-83,Jefferson's,KS,,KS,State-level source; branch unknown,scored-visit,sam-row-83,[],
sam-row-85,Quaker Steak and Lube,VA,,VA,State-level source; branch unknown,scored-visit,sam-row-85,[],
sam-row-86,America's Best,VA,,VA,State-level source; branch unknown,scored-visit,sam-row-86,[],
sam-row-87,Wendell's Pub,MA,,MA,State-level source; branch unknown,scored-visit,sam-row-87,[742],"[""Norton""]"
sam-row-88,Express Wings and Pizzeria,DE,,DE,State-level source; branch unknown,scored-visit,sam-row-88,[],
sam-row-89,D&N Wings,CA,,CA,State-level source; branch unknown,unscored-visit,sam-row-89,[],
sam-row-90,The Local (again),GA,,GA,State-level source; branch unknown,unscored-visit,sam-row-90,[],
suggestion-1430a2109fe8,Hood Wings,AK,,AK,Suggested location only; branch and operating status unverified,suggestion,,[2],
suggestion-511c7dcd2164,Peanut Farm,AK,,AK,Suggested location only; branch and operating status unverified,suggestion,,[3],
suggestion-5a1451ef0c2a,Red Dog's Saloon,AK,Juneau,"Juneau, AK",Suggested location only; branch and operating status unverified,suggestion,,[4],
suggestion-3c085fd98270,Spur,AK,Fairbanks,"Fairbanks, AK",Suggested location only; branch and operating status unverified,suggestion,,[5],
suggestion-b948d5d3dee0,That Wing Place,AK,Anchorage,"Anchorage, AK",Suggested location only; branch and operating status unverified,suggestion,,[6],
suggestion-512e3741b515,The Alaskan Bar,AK,Cordova,"Cordova, AK",Suggested location only; branch and operating status unverified,suggestion,,[7],
suggestion-4fdd2174f437,The Alibi,AK,Homer,"Homer, AK",Suggested location only; branch and operating status unverified,suggestion,,[8],
suggestion-6995d3f3a6bb,The Chicken Coop,AK,,AK,Suggested location only; branch and operating status unverified,suggestion,,[9],
suggestion-989574e1a437,Wild Wings n Things,AK,,AK,Suggested location only; branch and operating status unverified,suggestion,,[10],
suggestion-898a4f602272,Baumhauer's,AL,Tuscaloosa,"Tuscaloosa, AL",Suggested location only; branch and operating status unverified,suggestion,,[13],
suggestion-0eece06bcd38,Baumhower’s,AL,,AL,Suggested location only; branch and operating status unverified,suggestion,,"[14,15,17,18]",
suggestion-f60b908b7060,Chuck Wagon,AL,Huntsville,"Huntsville, AL",Suggested location only; branch and operating status unverified,suggestion,,[19],
suggestion-bf2672313e31,Coop de Ville,AL,,AL,Suggested location only; branch and operating status unverified,suggestion,,[20],
suggestion-dea12034b8e8,Crickets,AL,Madison,"Madison, AL",Suggested location only; branch and operating status unverified,suggestion,,[21],
suggestion-35fdabd88a96,Dreamland,AL,,AL,Suggested location only; branch and operating status unverified,suggestion,,[22],
suggestion-48b44191d28a,Get Crickets,AL,Madison,"Madison, AL",Suggested location only; branch and operating status unverified,suggestion,,[23],
suggestion-45d8cb66f38a,J Wings,AL,Fultondale,"Fultondale, AL",Suggested location only; branch and operating status unverified,suggestion,,[24],
suggestion-cb94e25aa26e,Jay's Wings,AL,Fultondale,"Fultondale, AL",Suggested location only; branch and operating status unverified,suggestion,,[25],
suggestion-73816fd5a85e,Jefferson's,AL,Jacksonville,"Jacksonville, AL",Suggested location only; branch and operating status unverified,suggestion,,"[26,27,28]",
suggestion-2466ced45ee1,Jefferson's,AL,,AL,Suggested location only; branch and operating status unverified,suggestion,,[29],
suggestion-51628a7bac8b,Martin's BBQ,AL,Vestavia Hills,"Vestavia Hills, AL",Suggested location only; branch and operating status unverified,suggestion,,[30],
suggestion-2b4ea4a2070b,Moe's BBQ,AL,Vestavia Hills,"Vestavia Hills, AL",Suggested location only; branch and operating status unverified,suggestion,,[31],
suggestion-740b96b555c7,Ragtime Cafe,AL,Birmingham,"Birmingham, AL",Suggested location only; branch and operating status unverified,suggestion,,[32],
suggestion-0664a5a3359e,Tophers Wings,AL,Rainsville,"Rainsville, AL",Suggested location only; branch and operating status unverified,suggestion,,[33],
suggestion-50ba30744626,Wemo's Wings,AL,Mobile,"Mobile, AL",Suggested location only; branch and operating status unverified,suggestion,,"[34,35]",
suggestion-c558c985d553,Wing Heaven,AL,Fairfield,"Fairfield, AL",Suggested location only; branch and operating status unverified,suggestion,,[36],
suggestion-0a7a6702814a,Yo Mama's Chicken and Waffles,AL,Birmingham,"Birmingham, AL",Suggested location only; branch and operating status unverified,suggestion,,[37],
suggestion-26b52c5eae1c,1812 Pizza,AR,Manila,"Manila, AR",Suggested location only; branch and operating status unverified,suggestion,,[38],
suggestion-a17f9c08f702,Boar's Nest,AR,,AR,Suggested location only; branch and operating status unverified,suggestion,,[39],
suggestion-9c0960001275,Bucket's Bar and Grill,AR,Mountain Home,"Mountain Home, AR",Suggested location only; branch and operating status unverified,suggestion,,[40],
suggestion-e2846e05384a,Certified Pies,AR,Little Rock,"Little Rock, AR",Suggested location only; branch and operating status unverified,suggestion,,[41],
suggestion-bb89bc744402,Certified Pies,AR,,AR,Suggested location only; branch and operating status unverified,suggestion,,[42],
suggestion-21e169bc1e72,Count Porkula,AR,,AR,Suggested location only; branch and operating status unverified,suggestion,,[51],
suggestion-8a42f37c1de5,Daddy Smackin’ Wings & Things,AR,Russellville,"Russellville, AR",Suggested location only; branch and operating status unverified,suggestion,,[52],
suggestion-f22748e911c5,Daddy's Smackin Wings,AR,,AR,Suggested location only; branch and operating status unverified,suggestion,,"[53,54]",
suggestion-03f21b578a54,Dem Dam Wings,AR,,AR,Suggested location only; branch and operating status unverified,suggestion,,[55],
suggestion-a38df8435366,Hideaway Pizza,AR,Conway,"Conway, AR",Suggested location only; branch and operating status unverified,suggestion,,[61],
suggestion-713c4de6810e,JJs,AR,,AR,Suggested location only; branch and operating status unverified,suggestion,,"[62,63]",
suggestion-207349794dd6,Lucky Luke's,AR,,AR,Suggested location only; branch and operating status unverified,suggestion,,[64],
suggestion-7122eec061e8,Lucky Luke’s,AR,Fayetteville,"Fayetteville, AR",Suggested location only; branch and operating status unverified,suggestion,,[65],
suggestion-1555c076a244,Parker's,AR,Fayetteville,"Fayetteville, AR",Suggested location only; branch and operating status unverified,suggestion,,[66],
suggestion-0d56b0d4b7e0,Parkside Pub,AR,,AR,Suggested location only; branch and operating status unverified,suggestion,,[67],
suggestion-ce0cb5cf9ded,Rock House,AR,Searcy,"Searcy, AR",Suggested location only; branch and operating status unverified,suggestion,,[68],
suggestion-aa322eef9b3b,The Hills Hideaway,AR,Fayetteville,"Fayetteville, AR",Suggested location only; branch and operating status unverified,suggestion,,[69],
suggestion-9eb2bc1a7d33,The Rail - A Pizza Company,AR,Rogers,"Rogers, AR",Suggested location only; branch and operating status unverified,suggestion,,[70],
suggestion-7ef33b08260c,Walker's Wings and Things,AR,Hot Springs,"Hot Springs, AR",Suggested location only; branch and operating status unverified,suggestion,,[71],
suggestion-3113ab8fb2c5,Wing Shack,AR,Mountain View,"Mountain View, AR",Suggested location only; branch and operating status unverified,suggestion,,[72],
suggestion-264cd1c42767,Wing Shack Bar and Grille,AR,,AR,Suggested location only; branch and operating status unverified,suggestion,,[73],
suggestion-3062ac0e4c76,Ace of Wingz,AZ,Phoenix,"Phoenix, AZ",Suggested location only; branch and operating status unverified,suggestion,,[74],
suggestion-5852b57460cb,ATL Wings,AZ,Chandler,"Chandler, AZ",Suggested location only; branch and operating status unverified,suggestion,,[75],
suggestion-a066da53c56f,ATL Wings,AZ,,AZ,Suggested location only; branch and operating status unverified,suggestion,,"[76,77,78,79,80,81]",
suggestion-ad84323be972,Ballpark Pizza and Subs,AZ,Glendale,"Glendale, AZ",Suggested location only; branch and operating status unverified,suggestion,,[82],
suggestion-9c0ee5d10e4d,Barro's Wings,AZ,Phoenix,"Phoenix, AZ",Suggested location only; branch and operating status unverified,suggestion,,[83],
suggestion-6c404883896f,Bird House,AZ,Page,"Page, AZ",Suggested location only; branch and operating status unverified,suggestion,,[84],
suggestion-eb83a91e23e9,Booty's Wings,AZ,Surprise,"Surprise, AZ",Suggested location only; branch and operating status unverified,suggestion,,"[85,86]",
suggestion-a6cc9f353add,Booty’s Wings,AZ,,AZ,Suggested location only; branch and operating status unverified,suggestion,,"[87,88]",
suggestion-b616efe1f20c,Brick and Barley,AZ,Tempe,"Tempe, AZ",Suggested location only; branch and operating status unverified,suggestion,,[89],
suggestion-1201f7d6375c,Buffalo Bar and Grill,AZ,Payson,"Payson, AZ",Suggested location only; branch and operating status unverified,suggestion,,[90],
suggestion-668f176f768e,Copperstill Moonshine Grill,AZ,,AZ,Suggested location only; branch and operating status unverified,suggestion,,[91],
suggestion-62d850d8e18c,DTC Sports Grill,AZ,Chandler,"Chandler, AZ",Suggested location only; branch and operating status unverified,suggestion,,[92],
suggestion-eac9bf09a8fd,Goldie's Sports Cafe,AZ,,AZ,Suggested location only; branch and operating status unverified,suggestion,,[93],
suggestion-97afba05d83a,Hillside Spot,AZ,Phoenix,"Phoenix, AZ",Suggested location only; branch and operating status unverified,suggestion,,[94],
suggestion-028e4b1d1e54,Hungry Monk,AZ,Chandler,"Chandler, AZ",Suggested location only; branch and operating status unverified,suggestion,,[95],
suggestion-048eacd3dda8,Il Primo,AZ,Peoria,"Peoria, AZ",Suggested location only; branch and operating status unverified,suggestion,,[96],
suggestion-ec31c898f5b1,JT's Bar and Grill,AZ,Phoenix,"Phoenix, AZ",Suggested location only; branch and operating status unverified,suggestion,,[97],
suggestion-9ad34a6b388f,Lucky Lou's,AZ,Queen Creek,"Queen Creek, AZ",Suggested location only; branch and operating status unverified,suggestion,,[104],
suggestion-f278f1d9be4d,Mac Daddy's Wings and Cheese,AZ,Tempe,"Tempe, AZ",Suggested location only; branch and operating status unverified,suggestion,,[105],
suggestion-90ad182ab59a,Murphy's Law,AZ,Chandler,"Chandler, AZ",Suggested location only; branch and operating status unverified,suggestion,,[106],
suggestion-647ddbf33bd4,Murphy’s Law Irish Pub,AZ,Chandler,"Chandler, AZ",Suggested location only; branch and operating status unverified,suggestion,,[107],
suggestion-385579e88d74,Native,AZ,,AZ,Suggested location only; branch and operating status unverified,suggestion,,[108],
suggestion-fde8f00ab4fe,Natives,AZ,,AZ,Suggested location only; branch and operating status unverified,suggestion,,[109],
suggestion-62e6f4b8fa19,Nimarco's,AZ,Flagstaff,"Flagstaff, AZ",Suggested location only; branch and operating status unverified,suggestion,,[110],
suggestion-48a3a0d21414,Nimarco's Pizza,AZ,Flagstaff,"Flagstaff, AZ",Suggested location only; branch and operating status unverified,suggestion,,[111],
suggestion-3e823f15a552,Pizza on 87,AZ,,AZ,Suggested location only; branch and operating status unverified,suggestion,,[112],
suggestion-e737c25bb559,Rocco's Little Chicago,AZ,Tucson,"Tucson, AZ",Suggested location only; branch and operating status unverified,suggestion,,"[113,115]",
suggestion-8603c3be2324,Rocco's Little Chicago,AZ,Tuscon,"Tuscon, AZ",Suggested location only; branch and operating status unverified,suggestion,,[114],
suggestion-d97f0caef290,Sawtooth,AZ,Chandler,"Chandler, AZ",Suggested location only; branch and operating status unverified,suggestion,,[116],
suggestion-001df62b6bfa,Sawtooth Bar and Grill,AZ,Chandler,"Chandler, AZ",Suggested location only; branch and operating status unverified,suggestion,,[117],
suggestion-ff45abe8bc45,Sidelines,AZ,Chandler,"Chandler, AZ",Suggested location only; branch and operating status unverified,suggestion,,[118],
suggestion-a69fc827b342,Tailgaters,AZ,Peoria,"Peoria, AZ",Suggested location only; branch and operating status unverified,suggestion,,[119],
suggestion-7389df74c443,The Hub,AZ,Mesa,"Mesa, AZ",Suggested location only; branch and operating status unverified,suggestion,,[120],
suggestion-66439f54d147,The Hub,AZ,,AZ,Suggested location only; branch and operating status unverified,suggestion,,"[121,122,123]",
suggestion-0e1453605ec8,The Hub Grill and Bar,AZ,Mesa,"Mesa, AZ",Suggested location only; branch and operating status unverified,suggestion,,[124],
suggestion-a6a9f5f29a16,Wings over Broadway,AZ,Tuscon,"Tuscon, AZ",Suggested location only; branch and operating status unverified,suggestion,,[128],
suggestion-79ccd5c3f85a,Wings y Mas,AZ,Tucson,"Tucson, AZ",Suggested location only; branch and operating status unverified,suggestion,,[129],
suggestion-b0026406ece7,Woodshed II,AZ,Mesa,"Mesa, AZ",Suggested location only; branch and operating status unverified,suggestion,,[130],
suggestion-4b9036198948,Ziggy's Magic Pizza Shop,AZ,Phoenix,"Phoenix, AZ",Suggested location only; branch and operating status unverified,suggestion,,[131],
suggestion-6be7e61791c1,Zipps,AZ,,AZ,Suggested location only; branch and operating status unverified,suggestion,,"[132,133,134]",
suggestion-daf783d2ecd0,Alondra Hot Wings,CA,Los Angeles,"Los Angeles, CA",Suggested location only; branch and operating status unverified,suggestion,,[135],
suggestion-54291c0deb84,Anthony's Pizza,CA,Home Gardens,"Home Gardens, CA",Suggested location only; branch and operating status unverified,suggestion,,[136],
suggestion-16a89c23ea5a,Asconas,CA,Danville,"Danville, CA",Suggested location only; branch and operating status unverified,suggestion,,[137],
suggestion-891be6ac467a,Asconas Wings,CA,Danville,"Danville, CA",Suggested location only; branch and operating status unverified,suggestion,,[138],
suggestion-7e060e7ab435,Bella's Sports Pub,CA,Chico,"Chico, CA",Suggested location only; branch and operating status unverified,suggestion,,[139],
suggestion-3af8fa1eab48,Big Al's,CA,Maywood,"Maywood, CA",Suggested location only; branch and operating status unverified,suggestion,,[140],
suggestion-8e1d80975006,Big Rock Pub,CA,Indio,"Indio, CA",Suggested location only; branch and operating status unverified,suggestion,,[141],
suggestion-9d74904b8574,Boom Boom Chicken,CA,Palmdale,"Palmdale, CA",Suggested location only; branch and operating status unverified,suggestion,,[142],
suggestion-7586d13b4be3,Bub's at the Ballpark,CA,San Diego,"San Diego, CA",Suggested location only; branch and operating status unverified,suggestion,,[143],
suggestion-a28ce3608130,Coach's Bar and Grill,CA,Rosemond,"Rosemond, CA",Suggested location only; branch and operating status unverified,suggestion,,[144],
suggestion-b9996523b549,Curry's,CA,Fresno,"Fresno, CA",Suggested location only; branch and operating status unverified,suggestion,,[145],
suggestion-85c998d272f6,Dog Haus,CA,Azusa,"Azusa, CA",Suggested location only; branch and operating status unverified,suggestion,,[152],
suggestion-cdfe2a973155,Epic Wings,CA,Orange County,"Orange County, CA",Suggested location only; branch and operating status unverified,suggestion,,"[153,154]",
suggestion-7e21a44a9f10,Epic Wings,CA,San Diego,"San Diego, CA",Suggested location only; branch and operating status unverified,suggestion,,"[155,156]",
suggestion-99b3fd40c46d,Fire Wings - Brandon Luu on YT,CA,,CA,Suggested location only; branch and operating status unverified,suggestion,,[157],
suggestion-b18d8bcc0ff6,Giovanni's,CA,Sacramento,"Sacramento, CA",Suggested location only; branch and operating status unverified,suggestion,,[158],
suggestion-79b16bdde61e,Halal Wings Plus,CA,San Francisco,"San Francisco, CA",Suggested location only; branch and operating status unverified,suggestion,,[159],
suggestion-a4d9274b3726,Hidden Spot,CA,Bay Area,"Bay Area, CA",Suggested location only; branch and operating status unverified,suggestion,,[160],
suggestion-c98ec9e26a71,Hot Sauce and Panko,CA,San Francisco,"San Francisco, CA",Suggested location only; branch and operating status unverified,suggestion,,[161],
suggestion-d999ed51b4a3,Howlin' Ray's,CA,Pasadena,"Pasadena, CA",Suggested location only; branch and operating status unverified,suggestion,,[162],
suggestion-a87bfb223695,Jake's Pizza,CA,Bay area,"Bay area, CA",Suggested location only; branch and operating status unverified,suggestion,,[163],
suggestion-e2e2e5ddcd71,JD's Wingz and Thingz,CA,,CA,Suggested location only; branch and operating status unverified,suggestion,,[164],
suggestion-10a442a73b3a,K Town,CA,Los Angeles,"Los Angeles, CA",Suggested location only; branch and operating status unverified,suggestion,,[165],
suggestion-9be446c939e4,Legend's Sports Bar,CA,Long Beach,"Long Beach, CA",Suggested location only; branch and operating status unverified,suggestion,,[166],
suggestion-c295d9fe50cf,Red West Pizza,CA,Lomita,"Lomita, CA",Suggested location only; branch and operating status unverified,suggestion,,[167],
suggestion-5b8d57dfe591,Russian River Brewery,CA,Santa Rosa,"Santa Rosa, CA",Suggested location only; branch and operating status unverified,suggestion,,[168],
suggestion-32d54f9b10db,Sauced BBQ,CA,Livermore,"Livermore, CA",Suggested location only; branch and operating status unverified,suggestion,,[173],
suggestion-0f82bf992d35,Stone Brewing World Bistro and Gardens,CA,Escondido,"Escondido, CA",Suggested location only; branch and operating status unverified,suggestion,,[174],
suggestion-97e4420ece98,The Happy Viking,CA,Yuba,"Yuba, CA",Suggested location only; branch and operating status unverified,suggestion,,[175],
suggestion-1dead516b3ba,Wingferno,CA,,CA,Suggested location only; branch and operating status unverified,suggestion,,[176],
suggestion-7cf0a7ec0ec5,Ye Rustic Inn,CA,,CA,Suggested location only; branch and operating status unverified,suggestion,,"[177,178]",
suggestion-6a7f845a497d,Blazing Chicken Shack II,CO,Denver,"Denver, CO",Suggested location only; branch and operating status unverified,suggestion,,[179],
suggestion-8ee7e01585d7,Candlelight Tavern,CO,Denver,"Denver, CO",Suggested location only; branch and operating status unverified,suggestion,,"[180,181]",
suggestion-da2adb7459fe,Cuckoos Chicken House,CO,Durango,"Durango, CO",Suggested location only; branch and operating status unverified,suggestion,,[189],
suggestion-cc340c2d034c,Dark Horse,CO,Boulder,"Boulder, CO",Suggested location only; branch and operating status unverified,suggestion,,"[190,191,192]",
suggestion-6fe55b12911c,Fire On The Mountain,CO,Denver,"Denver, CO",Suggested location only; branch and operating status unverified,suggestion,,"[193,194,195,196,197,198]",
suggestion-b925cf4e65f5,Fowl Line,CO,,CO,Suggested location only; branch and operating status unverified,suggestion,,[199],
suggestion-88ed8e5e33e7,GCue BBQ,CO,,CO,Suggested location only; branch and operating status unverified,suggestion,,[200],
suggestion-41afd1782220,Golden Flame,CO,,CO,Suggested location only; branch and operating status unverified,suggestion,,"[201,202]",
suggestion-ad050660271f,Golden Flame Hot Wings,CO,Colorado Springs,"Colorado Springs, CO",Suggested location only; branch and operating status unverified,suggestion,,"[203,204]",
suggestion-9e024d4836fb,Hudson House,CO,Aspen,"Aspen, CO",Suggested location only; branch and operating status unverified,suggestion,,[205],
suggestion-0efb6c0808bf,King of Wings,CO,Denver,"Denver, CO",Suggested location only; branch and operating status unverified,suggestion,,"[211,212,213]",
suggestion-1f57674bade7,King of Wings,CO,Golden,"Golden, CO",Suggested location only; branch and operating status unverified,suggestion,,[214],
suggestion-4bf335905d60,King of Wings,CO,Wheat Ridge,"Wheat Ridge, CO",Suggested location only; branch and operating status unverified,suggestion,,"[215,219]",
suggestion-edbe920a03ff,King of Wings,CO,,CO,Suggested location only; branch and operating status unverified,suggestion,,"[216,217,218]",
suggestion-83b23c206bc5,Music City Hot Wings,CO,Fort Collins,"Fort Collins, CO",Suggested location only; branch and operating status unverified,suggestion,,[220],
suggestion-9b35232f259b,O'Furry's,CO,Colorado Springs,"Colorado Springs, CO",Suggested location only; branch and operating status unverified,suggestion,,"[221,222,224]",
suggestion-124fd09f2ef1,O'Furry's,CO,,CO,Suggested location only; branch and operating status unverified,suggestion,,[223],
suggestion-8d3f89274f89,O'Malley's,CO,Palmer Lake,"Palmer Lake, CO",Suggested location only; branch and operating status unverified,suggestion,,[225],
suggestion-4b12b4be2c07,O'Malley's,CO,,CO,Suggested location only; branch and operating status unverified,suggestion,,[226],
suggestion-66974585748b,O’Malley’s,CO,Monument,"Monument, CO",Suggested location only; branch and operating status unverified,suggestion,,[227],
suggestion-cbce8812540e,O'Malley's Pub,CO,Lake Palmer,"Lake Palmer, CO",Suggested location only; branch and operating status unverified,suggestion,,[228],
suggestion-da41553eda12,O’Malley’s Pub,CO,Palmer Lake,"Palmer Lake, CO",Suggested location only; branch and operating status unverified,suggestion,,[229],
suggestion-7a2599083dbe,O’Malleys,CO,Monument (just outside of Colorado Springs),"Monument (just outside of Colorado Springs), CO",Suggested location only; branch and operating status unverified,suggestion,,[230],
suggestion-d05467460eaf,OFurry's Sports Bar and Grill,CO,,CO,Suggested location only; branch and operating status unverified,suggestion,,[231],
suggestion-4abd080f00aa,Olde Town Tavern,CO,,CO,Suggested location only; branch and operating status unverified,suggestion,,[232],
suggestion-02297c68992c,Outlaw Wings,CO,Broomfield,"Broomfield, CO",Suggested location only; branch and operating status unverified,suggestion,,"[233,234,235,240]",
suggestion-606b846e1c52,Outlaw Wings,CO,,CO,Suggested location only; branch and operating status unverified,suggestion,,"[236,237,238,239]",
suggestion-f56c1ea427e9,Piper Inn,CO,Aurora,"Aurora, CO",Suggested location only; branch and operating status unverified,suggestion,,[241],
suggestion-973c933dbf21,Piper Inn,CO,Denver,"Denver, CO",Suggested location only; branch and operating status unverified,suggestion,,[242],
suggestion-ee2a282f5ccb,Piper Inn,CO,,CO,Suggested location only; branch and operating status unverified,suggestion,,"[243,244]",
suggestion-e07c59903c33,Pipper Inn,CO,Denver,"Denver, CO",Suggested location only; branch and operating status unverified,suggestion,,[245],
suggestion-2df748751fb6,Post Oak,CO,,CO,Suggested location only; branch and operating status unverified,suggestion,,[246],
suggestion-3a80411603ff,Rock Rest,CO,Golden,"Golden, CO",Suggested location only; branch and operating status unverified,suggestion,,"[247,248,249,250]",
suggestion-e3d0333a7bb4,Rock Rest Lodge,CO,Golden,"Golden, CO",Suggested location only; branch and operating status unverified,suggestion,,[251],
suggestion-a2fdb6a90d34,Rotolo’s,CO,Keystone,"Keystone, CO",Suggested location only; branch and operating status unverified,suggestion,,[252],
suggestion-e7d06bc81b2e,Sha-wing (food truck),CO,Denver,"Denver, CO",Suggested location only; branch and operating status unverified,suggestion,,"[253,254]",
suggestion-a5bb04e5c967,ShaWING Food Truck,CO,Golden,"Golden, CO",Suggested location only; branch and operating status unverified,suggestion,,[255],
suggestion-44c0fcc720c8,ShaWING Food Truck,CO,,CO,Suggested location only; branch and operating status unverified,suggestion,,[256],
suggestion-447ecf03ec61,South Mouth,CO,Boulder,"Boulder, CO",Suggested location only; branch and operating status unverified,suggestion,,[257],
suggestion-36d636366420,The Old Man,CO,Broomfield,"Broomfield, CO",Suggested location only; branch and operating status unverified,suggestion,,"[258,259]",
suggestion-19da75ad4a75,The Rock Rest Lodge,CO,Golden,"Golden, CO",Suggested location only; branch and operating status unverified,suggestion,,[260],
suggestion-87a690aae535,West End Tavern,CO,Boulder,"Boulder, CO",Suggested location only; branch and operating status unverified,suggestion,,[261],
suggestion-bdb767d06a88,West Hill Grill,CO,,CO,Suggested location only; branch and operating status unverified,suggestion,,[262],
suggestion-e3bc42590883,Willy's,CO,Morrison,"Morrison, CO",Suggested location only; branch and operating status unverified,suggestion,,[263],
suggestion-1d50028fd634,Willy’s Wings,CO,Morrison,"Morrison, CO",Suggested location only; branch and operating status unverified,suggestion,,"[264,265,266]",
suggestion-b417a8b03e10,Wing Hut,CO,Aurora,"Aurora, CO",Suggested location only; branch and operating status unverified,suggestion,,[267],
suggestion-9b82167c98b2,Wing Shack,CO,Garden City,"Garden City, CO",Suggested location only; branch and operating status unverified,suggestion,,[268],
suggestion-92ae5da99b14,Wing Shack,CO,Greeley,"Greeley, CO",Suggested location only; branch and operating status unverified,suggestion,,[269],
suggestion-12516ed42779,Wing Shack,CO,Greenley,"Greenley, CO",Suggested location only; branch and operating status unverified,suggestion,,[270],
suggestion-020dd10fefb7,Wing Shack,CO,,CO,Suggested location only; branch and operating status unverified,suggestion,,"[271,272]",
suggestion-b89494d22957,Wingnutz,CO,Rifle,"Rifle, CO",Suggested location only; branch and operating status unverified,suggestion,,[273],
suggestion-64fbc2c0320f,Woody's Wings,CO,Aurora,"Aurora, CO",Suggested location only; branch and operating status unverified,suggestion,,[274],
suggestion-22ab45d827b3,World Famous Dark Horse,CO,Boulder,"Boulder, CO",Suggested location only; branch and operating status unverified,suggestion,,[275],
suggestion-c32848092b23,Archie Moore’s,CT,,CT,Suggested location only; branch and operating status unverified,suggestion,,[276],
suggestion-7b56637bd7aa,Bidwell's Tavern,CT,,CT,Suggested location only; branch and operating status unverified,suggestion,,[277],
suggestion-e98afa76e9ec,Coals,CT,Norwalk,"Norwalk, CT",Suggested location only; branch and operating status unverified,suggestion,,[278],
suggestion-d9ebbce98d0e,Dew Drop Inn,CT,Derby,"Derby, CT",Suggested location only; branch and operating status unverified,suggestion,,"[279,280]",
suggestion-61c721a9bb9d,Dew Drop Inn,CT,,CT,Suggested location only; branch and operating status unverified,suggestion,,[281],
suggestion-c9379956a2fc,Groggy Frogg,CT,Southington,"Southington, CT",Suggested location only; branch and operating status unverified,suggestion,,[282],
suggestion-20c6e8864a10,Hard Hat Doob Wings,CT,North Haven,"North Haven, CT",Suggested location only; branch and operating status unverified,suggestion,,[283],
suggestion-00d0eb593db7,J Timothy’s Tavern,CT,Plainville,"Plainville, CT",Suggested location only; branch and operating status unverified,suggestion,,[288],
suggestion-c7beeccd6f07,Ordinary Joe's,CT,Watertown,"Watertown, CT",Suggested location only; branch and operating status unverified,suggestion,,[289],
suggestion-e2b3c51a00d5,Kochix on Florida Ave,DC,Washington,"Washington, DC",Suggested location only; branch and operating status unverified,suggestion,,[290],
suggestion-d555fde7dbfa,Oohs and Aahs,DC,Washington,"Washington, DC",Suggested location only; branch and operating status unverified,suggestion,,[291],
suggestion-feefce9ce816,Red Bears,DC,,DC,Suggested location only; branch and operating status unverified,suggestion,,[292],
suggestion-407f85516826,Stoneys,DC,Washington,"Washington, DC",Suggested location only; branch and operating status unverified,suggestion,,[293],
suggestion-65a00f1131cc,Stoneys,DC,,DC,Suggested location only; branch and operating status unverified,suggestion,,[294],
suggestion-46523fb59da5,Tall Boy,DC,,DC,Suggested location only; branch and operating status unverified,suggestion,,[295],
suggestion-65e0bcc6637d,Crooked Hammock Brewery,DE,Middletown,"Middletown, DE",Suggested location only; branch and operating status unverified,suggestion,,[296],
suggestion-efe3253a9a55,Dimeos Pizza,DE,Wilmington,"Wilmington, DE",Suggested location only; branch and operating status unverified,suggestion,,[297],
suggestion-2b84008e8832,Express Wings,DE,New Castle,"New Castle, DE",Suggested location only; branch and operating status unverified,suggestion,,[298],
suggestion-95cf29ac9af4,Express Wings,DE,,DE,Suggested location only; branch and operating status unverified,suggestion,,[299],
suggestion-05b4d116c612,Touchdown,DE,Dover,"Dover, DE",Suggested location only; branch and operating status unverified,suggestion,,[300],
suggestion-b78f0b708c43,Wings To Go,DE,,DE,Suggested location only; branch and operating status unverified,suggestion,,[301],
suggestion-39444d755e4c,4Rivers BBQ,FL,,FL,Suggested location only; branch and operating status unverified,suggestion,,[302],
suggestion-6c400f70a108,Amore Pizza,FL,Davie,"Davie, FL",Suggested location only; branch and operating status unverified,suggestion,,[303],
suggestion-24104a9cec6c,Anthony's,FL,Ft. Lauderdale,"Ft. Lauderdale, FL",Suggested location only; branch and operating status unverified,suggestion,,[304],
suggestion-4ddf37368600,Apetidos Pizza,FL,Folsom,"Folsom, FL",Suggested location only; branch and operating status unverified,suggestion,,[305],
suggestion-83319124a07c,Beef o Brady’s,FL,Melbourne,"Melbourne, FL",Suggested location only; branch and operating status unverified,suggestion,,[306],
suggestion-96752f68f018,Bethune Grill,FL,Daytona Beach,"Daytona Beach, FL",Suggested location only; branch and operating status unverified,suggestion,,[307],
suggestion-9232533ee2f9,Blind Goat,FL,Tampa,"Tampa, FL",Suggested location only; branch and operating status unverified,suggestion,,[308],
suggestion-0df7d646b840,Blue Sky Bar and Grill,FL,Jacksonville,"Jacksonville, FL",Suggested location only; branch and operating status unverified,suggestion,,[309],
suggestion-79ee5ba1bb86,Bogey's,FL,Venice,"Venice, FL",Suggested location only; branch and operating status unverified,suggestion,,[310],
suggestion-7d59e8386d78,Bru's Room,FL,,FL,Suggested location only; branch and operating status unverified,suggestion,,[311],
suggestion-4cacb500c6fe,Buffalo Chips,FL,Bonita Springs,"Bonita Springs, FL",Suggested location only; branch and operating status unverified,suggestion,,[312],
suggestion-d080a3965788,Buffalo's Reef,FL,Okaloosa County,"Okaloosa County, FL",Suggested location only; branch and operating status unverified,suggestion,,[313],
suggestion-2e8c6acfb17c,Buffalos Reef,FL,Fort Walton Beach,"Fort Walton Beach, FL",Suggested location only; branch and operating status unverified,suggestion,,[314],
suggestion-222d746a145e,Candlelight South,FL,St. Augustine,"St. Augustine, FL",Suggested location only; branch and operating status unverified,suggestion,,[315],
suggestion-6c938a367a12,Cheers Sports Bar,FL,Kissimee,"Kissimee, FL",Suggested location only; branch and operating status unverified,suggestion,,[316],
suggestion-17713eac0d09,Chi Kin,FL,Orlando,"Orlando, FL",Suggested location only; branch and operating status unverified,suggestion,,[317],
suggestion-ff763973a473,Crazy Flamingo,FL,Marco Island,"Marco Island, FL",Suggested location only; branch and operating status unverified,suggestion,,[318],
suggestion-58a0daabdab6,Dead Bob's Bar,FL,Tampa,"Tampa, FL",Suggested location only; branch and operating status unverified,suggestion,,[319],
suggestion-649ec5ec1256,Dick's Wings,FL,,FL,Suggested location only; branch and operating status unverified,suggestion,,[320],
suggestion-6084b213eeb4,Domu Wings,FL,,FL,Suggested location only; branch and operating status unverified,suggestion,,[326],
suggestion-28769e57c032,End Zone,FL,Lakeland,"Lakeland, FL",Suggested location only; branch and operating status unverified,suggestion,,[327],
suggestion-e4d8fd007ba7,Engine No. 9,FL,St. Petersburg,"St. Petersburg, FL",Suggested location only; branch and operating status unverified,suggestion,,[328],
suggestion-ec50b9b971cd,Fergs,FL,St. Petersburg,"St. Petersburg, FL",Suggested location only; branch and operating status unverified,suggestion,,[329],
suggestion-47936e823794,Flanigan's Seafood Bar and Grill,FL,,FL,Suggested location only; branch and operating status unverified,suggestion,,[332],
suggestion-b61a5d918c39,Flannigan’s,FL,,FL,Suggested location only; branch and operating status unverified,suggestion,,[333],
suggestion-d6aeb912821d,Flyers,FL,Orlando,"Orlando, FL",Suggested location only; branch and operating status unverified,suggestion,,[334],
suggestion-8d4153da5865,Flyers Wings,FL,Orlando,"Orlando, FL",Suggested location only; branch and operating status unverified,suggestion,,[335],
suggestion-fd3f88dd074f,Gary Lee's,FL,Brunswick,"Brunswick, FL",Suggested location only; branch and operating status unverified,suggestion,,[336],
suggestion-41f0dec79b46,Gators Darkside,FL,Jacksonville,"Jacksonville, FL",Suggested location only; branch and operating status unverified,suggestion,,[337],
suggestion-c8fedd9ecb3b,Grover's Wings,FL,Pensacola,"Pensacola, FL",Suggested location only; branch and operating status unverified,suggestion,,[338],
suggestion-ba248255d45b,Hat Tricks,FL,Tampa,"Tampa, FL",Suggested location only; branch and operating status unverified,suggestion,,"[339,341,342]",
suggestion-0d9058be1a49,Hattrick's,FL,Tampa Bay,"Tampa Bay, FL",Suggested location only; branch and operating status unverified,suggestion,,[340],
suggestion-8e55777b24ac,Hattricks Tavern,FL,Tampa Bay,"Tampa Bay, FL",Suggested location only; branch and operating status unverified,suggestion,,[343],
suggestion-d83b0bae9473,Hooligan's,FL,Daytona,"Daytona, FL",Suggested location only; branch and operating status unverified,suggestion,,[344],
suggestion-a04b96fb3dd9,Houligan's,FL,Ormond Beach,"Ormond Beach, FL",Suggested location only; branch and operating status unverified,suggestion,,[345],
suggestion-6cd0b5379211,Hub Stacey's,FL,,FL,Suggested location only; branch and operating status unverified,suggestion,,[346],
suggestion-f0002fa8c9a1,Jerseys Wings Sports Bar and Grill,FL,Pembroke Pines,"Pembroke Pines, FL",Suggested location only; branch and operating status unverified,suggestion,,[347],
suggestion-670fb1a8602f,Lefties Bar and Grill,FL,,FL,Suggested location only; branch and operating status unverified,suggestion,,[348],
suggestion-8563a363f6f1,Miller’s Ale House,FL,,FL,Suggested location only; branch and operating status unverified,suggestion,,[349],
suggestion-a7c3a0e49ce5,Moe's BBQ,FL,Panama City Beach,"Panama City Beach, FL",Suggested location only; branch and operating status unverified,suggestion,,[350],
suggestion-d0bbd17cbc42,Papa Bee's,FL,Longwood,"Longwood, FL",Suggested location only; branch and operating status unverified,suggestion,,[351],
suggestion-fb30a6e944bc,Park Avenue,FL,Palm Beach,"Palm Beach, FL",Suggested location only; branch and operating status unverified,suggestion,,[352],
suggestion-5db7f39d24c5,Park Avenue,FL,,FL,Suggested location only; branch and operating status unverified,suggestion,,[353],
suggestion-84c6483b6c07,Patches,FL,Panama City Beach,"Panama City Beach, FL",Suggested location only; branch and operating status unverified,suggestion,,[354],
suggestion-2530abb13a4c,Peabodys,FL,,FL,Suggested location only; branch and operating status unverified,suggestion,,[355],
suggestion-1e3231928406,Perfect Rack Billiards,FL,Jacksonville,"Jacksonville, FL",Suggested location only; branch and operating status unverified,suggestion,,[356],
suggestion-a08fdf6884e0,Publix,FL,,FL,Suggested location only; branch and operating status unverified,suggestion,,[357],
suggestion-d4019c1ea37e,Rocky's Philly Cheesesteaks,FL,New Port Richey,"New Port Richey, FL",Suggested location only; branch and operating status unverified,suggestion,,[358],
suggestion-312ae41c14ba,South Turn,FL,Daytona Beach,"Daytona Beach, FL",Suggested location only; branch and operating status unverified,suggestion,,[359],
suggestion-fbc76eba1ed8,Sports Grill,FL,Miami,"Miami, FL",Suggested location only; branch and operating status unverified,suggestion,,[360],
suggestion-d23e762eeac3,Sports Grill,FL,Miami Dade County,"Miami Dade County, FL",Suggested location only; branch and operating status unverified,suggestion,,[361],
suggestion-a8459a09e175,Sports Grill Wings,FL,,FL,Suggested location only; branch and operating status unverified,suggestion,,[362],
suggestion-97fd1f24e7f3,That Wing Spot,FL,Orlando,"Orlando, FL",Suggested location only; branch and operating status unverified,suggestion,,[363],
suggestion-f851186223a9,The Coop,FL,Macclenny,"Macclenny, FL",Suggested location only; branch and operating status unverified,suggestion,,[364],
suggestion-55f442b184f3,The Press Box,FL,Tampa,"Tampa, FL",Suggested location only; branch and operating status unverified,suggestion,,[365],
suggestion-0099fa157579,Thirsty Turtle,FL,Juno Beach,"Juno Beach, FL",Suggested location only; branch and operating status unverified,suggestion,,[366],
suggestion-5ee4d4a0d477,Thomas P's,FL,Tampa,"Tampa, FL",Suggested location only; branch and operating status unverified,suggestion,,[367],
suggestion-008cbd0dc563,Tom’s NFL,FL,Miami,"Miami, FL",Suggested location only; branch and operating status unverified,suggestion,,[368],
suggestion-4068bfd75791,Tree's Wings,FL,Palm Beach,"Palm Beach, FL",Suggested location only; branch and operating status unverified,suggestion,,[369],
suggestion-3e559d606476,Tree's Wings,FL,Royal Palm Beach,"Royal Palm Beach, FL",Suggested location only; branch and operating status unverified,suggestion,,[370],
suggestion-4af2e65b3630,Uncle Al's,FL,Davie,"Davie, FL",Suggested location only; branch and operating status unverified,suggestion,,[371],
suggestion-80ee0559a0f1,V Pizza,FL,St. Augustine,"St. Augustine, FL",Suggested location only; branch and operating status unverified,suggestion,,[372],
suggestion-6a4d4f9f8346,V Pizza,FL,,FL,Suggested location only; branch and operating status unverified,suggestion,,[373],
suggestion-c022dc9349ff,Wing Alley,FL,Kissimmee,"Kissimmee, FL",Suggested location only; branch and operating status unverified,suggestion,,[374],
suggestion-e04bbca10892,Wingin’it  food truck,FL,St augustine,"St augustine, FL",Suggested location only; branch and operating status unverified,suggestion,,[375],
suggestion-d00b76e0a5c9,Wings n Things,FL,,FL,Suggested location only; branch and operating status unverified,suggestion,,[376],
suggestion-5ec1897b40b7,Wings Plus,FL,Fort Lauderdale,"Fort Lauderdale, FL",Suggested location only; branch and operating status unverified,suggestion,,[377],
suggestion-05abeaba4daa,Yuppi Wings,FL,Tampa,"Tampa, FL",Suggested location only; branch and operating status unverified,suggestion,,[378],
suggestion-aee6fead4003,AJ's Pizza,GA,Cornelia,"Cornelia, GA",Suggested location only; branch and operating status unverified,suggestion,,[379],
suggestion-ace382d4de44,American Deli,GA,Atlanta,"Atlanta, GA",Suggested location only; branch and operating status unverified,suggestion,,"[380,381,382]",
suggestion-4d31b4a13bdb,Amici,GA,Athens,"Athens, GA",Suggested location only; branch and operating status unverified,suggestion,,[383],
suggestion-7ef0ac3f12d3,Anchor Bar,GA,Kennesaw,"Kennesaw, GA",Suggested location only; branch and operating status unverified,suggestion,,[384],
suggestion-95b785ec3228,Atlanta's Best Wings,GA,Atlanta,"Atlanta, GA",Suggested location only; branch and operating status unverified,suggestion,,[385],
suggestion-384ff182cfae,Bedoes,GA,Canton,"Canton, GA",Suggested location only; branch and operating status unverified,suggestion,,[386],
suggestion-ef39a613b2ee,Black Barley,GA,Warner Robbins,"Warner Robbins, GA",Suggested location only; branch and operating status unverified,suggestion,,[387],
suggestion-aa275491f6f0,Blazers-N-Hull,GA,Athens,"Athens, GA",Suggested location only; branch and operating status unverified,suggestion,,[388],
suggestion-7f02b5cab410,BnL Wings,GA,Atlanta,"Atlanta, GA",Suggested location only; branch and operating status unverified,suggestion,,[389],
suggestion-6b523326c9f9,Brickhouse Pub and Grub,GA,Eatonton,"Eatonton, GA",Suggested location only; branch and operating status unverified,suggestion,,[390],
suggestion-64cc6c86d39e,Chester Brunnermeyer's,GA,Blue Ridge,"Blue Ridge, GA",Suggested location only; branch and operating status unverified,suggestion,,[391],
suggestion-d7974fc27b74,Clay's,GA,Atlanta,"Atlanta, GA",Suggested location only; branch and operating status unverified,suggestion,,[392],
suggestion-1904e55da3cf,Clay's,GA,Sandy Springs,"Sandy Springs, GA",Suggested location only; branch and operating status unverified,suggestion,,[393],
suggestion-5459f056f420,Coach's Corner,GA,Savannah,"Savannah, GA",Suggested location only; branch and operating status unverified,suggestion,,[396],
suggestion-08746918fd23,Dawg House,GA,,GA,Suggested location only; branch and operating status unverified,suggestion,,[397],
suggestion-8848cb6e5a9b,Fox Brother's Wings,GA,Atlanta,"Atlanta, GA",Suggested location only; branch and operating status unverified,suggestion,,[398],
suggestion-fe90dcb5cdb2,Fraternal Order of Eagles,GA,Atlanta,"Atlanta, GA",Suggested location only; branch and operating status unverified,suggestion,,[399],
suggestion-cc12929f456f,Hott Chixx Wings,GA,Atlanta,"Atlanta, GA",Suggested location only; branch and operating status unverified,suggestion,,[400],
suggestion-c7ed5c5f9be6,International Cafe,GA,Brookhaven,"Brookhaven, GA",Suggested location only; branch and operating status unverified,suggestion,,[401],
suggestion-376e7daf58a5,JR Crickets,GA,Atlanta,"Atlanta, GA",Suggested location only; branch and operating status unverified,suggestion,,"[402,403]",
suggestion-f09e301e9a8f,JR Crickets,GA,,GA,Suggested location only; branch and operating status unverified,suggestion,,[404],
suggestion-936d925e59b7,Mike and C's,GA,,GA,Suggested location only; branch and operating status unverified,suggestion,,[405],
suggestion-dbb272d8ce18,Moe's and Joe's,GA,Atlanta,"Atlanta, GA",Suggested location only; branch and operating status unverified,suggestion,,[406],
suggestion-4e5450018dbc,Mr. PJs,GA,,GA,Suggested location only; branch and operating status unverified,suggestion,,[407],
suggestion-7159613f6ced,Prime Wings,GA,Peachtree Corners,"Peachtree Corners, GA",Suggested location only; branch and operating status unverified,suggestion,,[408],
suggestion-aa65861d317c,Rodney Scott’s BBQ,GA,Atlanta,"Atlanta, GA",Suggested location only; branch and operating status unverified,suggestion,,[409],
suggestion-14a406fbccaf,Ruchda Wings,GA,Atlanta,"Atlanta, GA",Suggested location only; branch and operating status unverified,suggestion,,[410],
suggestion-66326fcfe8ee,Saporito's Pizza,GA,Holly Springs,"Holly Springs, GA",Suggested location only; branch and operating status unverified,suggestion,,"[411,412]",
suggestion-16ebcf196b3c,Scoville's Chicken,GA,Atlanta,"Atlanta, GA",Suggested location only; branch and operating status unverified,suggestion,,[413],
suggestion-65be22967c5c,Taco Mac,GA,Atlanta,"Atlanta, GA",Suggested location only; branch and operating status unverified,suggestion,,"[414,415,416]",
suggestion-a3ef5739611d,The Bando,GA,Atlanta,"Atlanta, GA",Suggested location only; branch and operating status unverified,suggestion,,"[417,418,419]",
suggestion-6a6c5b08eb7f,The Brickhouse,GA,Eatonton,"Eatonton, GA",Suggested location only; branch and operating status unverified,suggestion,,[420],
suggestion-1942edc8c8c9,The Grove,GA,Decatur,"Decatur, GA",Suggested location only; branch and operating status unverified,suggestion,,[421],
suggestion-9a7d71ff34b1,The Wing and Tap House,GA,Marietta,"Marietta, GA",Suggested location only; branch and operating status unverified,suggestion,,[429],
suggestion-05ba524e2ef7,Three Dollar Cafe,GA,Atlanta,"Atlanta, GA",Suggested location only; branch and operating status unverified,suggestion,,"[430,431]",
suggestion-b2ec28e8318c,Three Dollar Cafe,GA,,GA,Suggested location only; branch and operating status unverified,suggestion,,[432],
suggestion-a43781bee25c,White Hall Tavern,GA,Atlanta,"Atlanta, GA",Suggested location only; branch and operating status unverified,suggestion,,[433],
suggestion-1b09e8c11863,Wild Wing Cafe,GA,,GA,Suggested location only; branch and operating status unverified,suggestion,,[434],
suggestion-c0c1c5df0ad5,Wing Factory,GA,Atlanta,"Atlanta, GA",Suggested location only; branch and operating status unverified,suggestion,,[435],
suggestion-ed1b5aa8c9b4,Winghouse,GA,Athens,"Athens, GA",Suggested location only; branch and operating status unverified,suggestion,,"[436,437]",
suggestion-f10789569a37,Wings and Things,GA,Fayetteville,"Fayetteville, GA",Suggested location only; branch and operating status unverified,suggestion,,"[438,439]",
suggestion-e37777d93d52,Wings Mania,GA,Decatur,"Decatur, GA",Suggested location only; branch and operating status unverified,suggestion,,[440],
suggestion-250a3c9ad6d5,Wings on Wheelz,GA,Marietta,"Marietta, GA",Suggested location only; branch and operating status unverified,suggestion,,[441],
suggestion-fc15b8d83f6b,Wooden Nickel,GA,Valdosta,"Valdosta, GA",Suggested location only; branch and operating status unverified,suggestion,,[442],
suggestion-33db35130125,The Shack,HI,Kailua,"Kailua, HI",Suggested location only; branch and operating status unverified,suggestion,,[444],
suggestion-a4649c405a33,Von's Chicken,HI,Oahu,"Oahu, HI",Suggested location only; branch and operating status unverified,suggestion,,[445],
suggestion-7b01772d526f,Bob Roe's Point After,IA,Sioux City,"Sioux City, IA",Suggested location only; branch and operating status unverified,suggestion,,"[446,447,451]",
suggestion-7eee73287e10,Bob Roe's Point After,IA,,IA,Suggested location only; branch and operating status unverified,suggestion,,"[448,449,450]",
suggestion-2cdaf2a2e1d9,Bodega,IA,Sioux City,"Sioux City, IA",Suggested location only; branch and operating status unverified,suggestion,,[452],
suggestion-bd4aeef98073,Chicken Coop,IA,Des Moines,"Des Moines, IA",Suggested location only; branch and operating status unverified,suggestion,,[453],
suggestion-0e4ba9bb172b,Cindy Lou's BBQ,IA,,IA,Suggested location only; branch and operating status unverified,suggestion,,[454],
suggestion-581a0da3c77b,Corner Grill,IA,Blue Grass,"Blue Grass, IA",Suggested location only; branch and operating status unverified,suggestion,,[455],
suggestion-9c5fd9c1a076,Edith Lucille's,IA,Cedar Rapids,"Cedar Rapids, IA",Suggested location only; branch and operating status unverified,suggestion,,[456],
suggestion-894150142b88,Filling Station,IA,,IA,Suggested location only; branch and operating status unverified,suggestion,,[457],
suggestion-121ba15a72e8,Hall of Fame Pizza & Wings,IA,Dewitt,"Dewitt, IA",Suggested location only; branch and operating status unverified,suggestion,,[464],
suggestion-9124f0d552c3,Iowa Taproom,IA,,IA,Suggested location only; branch and operating status unverified,suggestion,,[465],
suggestion-86da7da7ce18,Jethro's,IA,,IA,Suggested location only; branch and operating status unverified,suggestion,,"[466,467,468,469]",
suggestion-d888f9732e32,Jethro's BBQ,IA,,IA,Suggested location only; branch and operating status unverified,suggestion,,"[470,471]",
suggestion-0141c6897d39,Jethro’s BBQ,IA,Altoona,"Altoona, IA",Suggested location only; branch and operating status unverified,suggestion,,[472],
suggestion-625a7c0f9a81,Maggie's Rumble Room,IA,Des Moines,"Des Moines, IA",Suggested location only; branch and operating status unverified,suggestion,,"[473,474]",
suggestion-c562e024d648,Mason Dixon,IA,Dubuque,"Dubuque, IA",Suggested location only; branch and operating status unverified,suggestion,,[475],
suggestion-c8ade5be6f5f,Salty Dog,IA,Council Bluffs,"Council Bluffs, IA",Suggested location only; branch and operating status unverified,suggestion,,"[476,477,478]",
suggestion-467f47ec2976,Smoky D's BBQ,IA,Des Moines,"Des Moines, IA",Suggested location only; branch and operating status unverified,suggestion,,[479],
suggestion-8ac129c5aacf,Starbeck's Smoke House,IA,,IA,Suggested location only; branch and operating status unverified,suggestion,,[480],
suggestion-923d972583db,Starbecks Smoke House,IA,Cedar Falls,"Cedar Falls, IA",Suggested location only; branch and operating status unverified,suggestion,,[481],
suggestion-5bacad8ecc16,THE CHICKEN COOP,IA,URBANDALE,"URBANDALE, IA",Suggested location only; branch and operating status unverified,suggestion,,[482],
suggestion-11d9bab6d2fe,The filling station,IA,Davenport,"Davenport, IA",Suggested location only; branch and operating status unverified,suggestion,,[483],
suggestion-dadeb4fe3d01,The Salty Dog Bar and Grill,IA,Council Bluffs,"Council Bluffs, IA",Suggested location only; branch and operating status unverified,suggestion,,[484],
suggestion-6fb03ac1f32a,The Vine,IA,Coralville,"Coralville, IA",Suggested location only; branch and operating status unverified,suggestion,,"[485,486,487]",
suggestion-89eca886470e,The Vine,IA,,IA,Suggested location only; branch and operating status unverified,suggestion,,[488],
suggestion-b75adbfb9f59,Townhouse,IA,Sioux City,"Sioux City, IA",Suggested location only; branch and operating status unverified,suggestion,,[489],
suggestion-ecbfbd3837d6,Uptown Grill,IA,Ankeny,"Ankeny, IA",Suggested location only; branch and operating status unverified,suggestion,,[490],
suggestion-38aedaeb2c7e,Vine Tavern,IA,Iowa City,"Iowa City, IA",Suggested location only; branch and operating status unverified,suggestion,,[491],
suggestion-fbbc1fff3b23,Vine Tavern & Eatery,IA,Coralville,"Coralville, IA",Suggested location only; branch and operating status unverified,suggestion,,[492],
suggestion-d9942f4874c2,Wing Depot,IA,,IA,Suggested location only; branch and operating status unverified,suggestion,,[493],
suggestion-3cad0859447e,13th Street Pub and Grill,ID,Boise,"Boise, ID",Suggested location only; branch and operating status unverified,suggestion,,[494],
suggestion-5f152fa80013,Busters Restaurant and Saloon,ID,Holister,"Holister, ID",Suggested location only; branch and operating status unverified,suggestion,,[495],
suggestion-0607db4f8392,Capone's,ID,Coeur D'Alene,"Coeur D'Alene, ID",Suggested location only; branch and operating status unverified,suggestion,,[496],
suggestion-3e706684e4d7,Capone’s Pub & Grill,ID,Coeur d’Alene (pronounced core duh lane),"Coeur d’Alene (pronounced core duh lane), ID",Suggested location only; branch and operating status unverified,suggestion,,[497],
suggestion-6f96f4ab3d67,Capones,ID,Post Falls,"Post Falls, ID",Suggested location only; branch and operating status unverified,suggestion,,[498],
suggestion-9feabe4ba685,Dixies Diner,ID,Idaho Falls,"Idaho Falls, ID",Suggested location only; branch and operating status unverified,suggestion,,[499],
suggestion-2c5959165e75,Double Tap,ID,Boise,"Boise, ID",Suggested location only; branch and operating status unverified,suggestion,,[500],
suggestion-a6e1fc272932,Firehouse Pub & Grill,ID,Boise,"Boise, ID",Suggested location only; branch and operating status unverified,suggestion,,[501],
suggestion-700caada9dd0,Firehouse Pub & Grill,ID,Meridian,"Meridian, ID",Suggested location only; branch and operating status unverified,suggestion,,[502],
suggestion-2764c8a08562,Flatbread,ID,Eagle,"Eagle, ID",Suggested location only; branch and operating status unverified,suggestion,,[503],
suggestion-97f0a28f27bd,Frosty Gator,ID,Idaho Falls,"Idaho Falls, ID",Suggested location only; branch and operating status unverified,suggestion,,[504],
suggestion-8f2d09d6a70e,Goodys Deli,ID,Pocatello,"Pocatello, ID",Suggested location only; branch and operating status unverified,suggestion,,[505],
suggestion-4d19506cbc31,Hans chimeak,ID,Boise,"Boise, ID",Suggested location only; branch and operating status unverified,suggestion,,[514],
suggestion-d673359a86e4,Kahootz,ID,Meridian,"Meridian, ID",Suggested location only; branch and operating status unverified,suggestion,,[515],
suggestion-af89098f6499,Lefty's,ID,Ketchum,"Ketchum, ID",Suggested location only; branch and operating status unverified,suggestion,,[516],
suggestion-f17b9e3c28ec,Lucy's Pizza,ID,Idaho Falls,"Idaho Falls, ID",Suggested location only; branch and operating status unverified,suggestion,,[517],
suggestion-836387873b38,Matador,ID,Boise,"Boise, ID",Suggested location only; branch and operating status unverified,suggestion,,[518],
suggestion-4d2501e3d37a,Outer Limits Fun Zone,ID,Pocatello,"Pocatello, ID",Suggested location only; branch and operating status unverified,suggestion,,[519],
suggestion-d6460f12f020,Saint Lawrence Gridiron,ID,Boise,"Boise, ID",Suggested location only; branch and operating status unverified,suggestion,,[520],
suggestion-a014e829ba88,Sockeye Brewery,ID,Boise,"Boise, ID",Suggested location only; branch and operating status unverified,suggestion,,[521],
suggestion-0364e515a78d,Taphouse,ID,Boise,"Boise, ID",Suggested location only; branch and operating status unverified,suggestion,,"[522,523]",
suggestion-ddb991d26bf0,The Celt,ID,Idaho Falls,"Idaho Falls, ID",Suggested location only; branch and operating status unverified,suggestion,,[524],
suggestion-0f0a5b445fb7,The Frosty Gator,ID,Idaho Falls,"Idaho Falls, ID",Suggested location only; branch and operating status unverified,suggestion,,[525],
suggestion-b2a1ee88de29,The Shed,ID,Boise,"Boise, ID",Suggested location only; branch and operating status unverified,suggestion,,"[526,527]",
suggestion-535c460eb700,The Wylder,ID,Boise,"Boise, ID",Suggested location only; branch and operating status unverified,suggestion,,[528],
suggestion-05071b81ddca,Wingers,ID,Eagle,"Eagle, ID",Suggested location only; branch and operating status unverified,suggestion,,[529],
suggestion-326e0c47099e,Wingers,ID,Meridian,"Meridian, ID",Suggested location only; branch and operating status unverified,suggestion,,[530],
suggestion-c54e4f299cd1,Zone 208,ID,Lewiston,"Lewiston, ID",Suggested location only; branch and operating status unverified,suggestion,,[531],
suggestion-44b135fcd517,"""Illinois Tap House""",IL,,IL,Suggested location only; branch and operating status unverified,suggestion,,[532],
suggestion-fa0b55f8d3da,Anju Above,IL,Bloomington,"Bloomington, IL",Suggested location only; branch and operating status unverified,suggestion,,[533],
suggestion-74882dda8c5c,Badabing,IL,Chicago,"Chicago, IL",Suggested location only; branch and operating status unverified,suggestion,,[534],
suggestion-e869559ce2e4,Bird's Nest,IL,Chicago,"Chicago, IL",Suggested location only; branch and operating status unverified,suggestion,,"[535,536,537,538,539,540,541,542]",
suggestion-ff8a449d6a60,Buf Joe's,IL,Evanston,"Evanston, IL",Suggested location only; branch and operating status unverified,suggestion,,[543],
suggestion-85985ebb6f5c,Buff joes,IL,Evanston,"Evanston, IL",Suggested location only; branch and operating status unverified,suggestion,,[544],
suggestion-fdf0640ecda1,Buffalo Joe's – Clark St.,IL,Evanston,"Evanston, IL",Suggested location only; branch and operating status unverified,suggestion,,[550],
suggestion-d43e737e6d07,"Buffalo Joe’s, Bird’s Nest",IL,Chicago,"Chicago, IL",Suggested location only; branch and operating status unverified,suggestion,,[551],
suggestion-c0984637e4ba,Burger Antics,IL,,IL,Suggested location only; branch and operating status unverified,suggestion,,[554],
suggestion-8f5c72b88d04,Burgers & Beer,IL,Kankakee,"Kankakee, IL",Suggested location only; branch and operating status unverified,suggestion,,[555],
suggestion-c999344dd0d0,Carbone Pizzeria Americano,IL,Berwyn,"Berwyn, IL",Suggested location only; branch and operating status unverified,suggestion,,[556],
suggestion-958d63cbce04,Crisp,IL,Chicago,"Chicago, IL",Suggested location only; branch and operating status unverified,suggestion,,"[557,558]",
suggestion-6cf619c7ffd6,Crosstown Pub,IL,Naperville,"Naperville, IL",Suggested location only; branch and operating status unverified,suggestion,,[559],
suggestion-833a105b3fdd,Franks for the Memories,IL,Mundelein,"Mundelein, IL",Suggested location only; branch and operating status unverified,suggestion,,[560],
suggestion-eaa4d65a9941,Franks for the Memories,IL,,IL,Suggested location only; branch and operating status unverified,suggestion,,[561],
suggestion-cd43910e9cd6,Gator's Wings Shack,IL,Palatine,"Palatine, IL",Suggested location only; branch and operating status unverified,suggestion,,[564],
suggestion-91762e546cb1,Gators Wing Shack / Buffalo Joes,IL,Chicago,"Chicago, IL",Suggested location only; branch and operating status unverified,suggestion,,[568],
suggestion-3d656f5b3576,Hoppy Pig,IL,Bradley,"Bradley, IL",Suggested location only; branch and operating status unverified,suggestion,,[569],
suggestion-7494487fcded,Jake Melnick's,IL,Chicago,"Chicago, IL",Suggested location only; branch and operating status unverified,suggestion,,"[570,571]",
suggestion-43d1b5c723b3,Jake Melnick’s Corner Tap,IL,Chicago,"Chicago, IL",Suggested location only; branch and operating status unverified,suggestion,,"[572,573,574]",
suggestion-91e6ca1bfc6b,Lou Malnati’s,IL,Chicago,"Chicago, IL",Suggested location only; branch and operating status unverified,suggestion,,[575],
suggestion-b6165597dc4d,Mugsy's,IL,Bloomington,"Bloomington, IL",Suggested location only; branch and operating status unverified,suggestion,,[576],
suggestion-88433603c21b,Output Lounge and Sports Bar,IL,Chicago,"Chicago, IL",Suggested location only; branch and operating status unverified,suggestion,,[577],
suggestion-9a56f4dffa92,Output wrigley,IL,Chicago,"Chicago, IL",Suggested location only; branch and operating status unverified,suggestion,,[578],
suggestion-74953d638acc,Reggie's,IL,Chicago,"Chicago, IL",Suggested location only; branch and operating status unverified,suggestion,,[579],
suggestion-c92770985110,Ricobenes Wings,IL,Chicago,"Chicago, IL",Suggested location only; branch and operating status unverified,suggestion,,[580],
suggestion-5b0de9ff05a2,South Moon Barbecue,IL,,IL,Suggested location only; branch and operating status unverified,suggestion,,[581],
suggestion-7dc3bc6d8f76,Spanky's,IL,Mattoon,"Mattoon, IL",Suggested location only; branch and operating status unverified,suggestion,,[582],
suggestion-2a73bd228fc5,Whiffle Boys,IL,Murphysboro,"Murphysboro, IL",Suggested location only; branch and operating status unverified,suggestion,,[583],
suggestion-6f8892b55230,Wing Snob,IL,Mount Prospect,"Mount Prospect, IL",Suggested location only; branch and operating status unverified,suggestion,,[584],
suggestion-4957781a53f9,Wings and Rings,IL,,IL,Suggested location only; branch and operating status unverified,suggestion,,[585],
suggestion-a3614af6d8b4,Woodies,IL,Chicago,"Chicago, IL",Suggested location only; branch and operating status unverified,suggestion,,[586],
suggestion-bc289e32b89b,317 Burger,IN,Indianapolis,"Indianapolis, IN",Suggested location only; branch and operating status unverified,suggestion,,[587],
suggestion-3475a6700008,Between the Buns,IN,Osceola,"Osceola, IN",Suggested location only; branch and operating status unverified,suggestion,,"[602,603]",
suggestion-0948eabf5511,Between the Buns,IN,,IN,Suggested location only; branch and operating status unverified,suggestion,,[604],
suggestion-d79deb6ddd82,Bobby Mcgee's,IN,Fort Wayne,"Fort Wayne, IN",Suggested location only; branch and operating status unverified,suggestion,,[605],
suggestion-553dfc0f9d3f,Bridges Scoreboard,IN,Griffith,"Griffith, IN",Suggested location only; branch and operating status unverified,suggestion,,[606],
suggestion-396a2a69a0cb,Buffalo Joe's,IN,Evanston,"Evanston, IN",Suggested location only; branch and operating status unverified,suggestion,,[607],
suggestion-a101c5427dcc,Buffalo Wings & Ribs,IN,Fort Wayne,"Fort Wayne, IN",Suggested location only; branch and operating status unverified,suggestion,,[608],
suggestion-11156b9ae7ea,Buffalo Wings and Ribs,IN,,IN,Suggested location only; branch and operating status unverified,suggestion,,[609],
suggestion-6911adb52825,Buffalo Wings and ribs,IN,Fort Wayne,"Fort Wayne, IN",Suggested location only; branch and operating status unverified,suggestion,,"[610,659]",
suggestion-774bab800253,BuffaLouie's,IN,,IN,Suggested location only; branch and operating status unverified,suggestion,,[611],
suggestion-607ab95dc969,Buffalouies,IN,Bloomington,"Bloomington, IN",Suggested location only; branch and operating status unverified,suggestion,,"[612,613,614,615,616,617,618,619,620]",
suggestion-9c6d7e8f222b,Chatham Tap,IN,Indianapolis,"Indianapolis, IN",Suggested location only; branch and operating status unverified,suggestion,,"[621,622]",
suggestion-e7c71cdd6749,Chatham Tap,IN,,IN,Suggested location only; branch and operating status unverified,suggestion,,"[623,624]",
suggestion-1c8d6cb72c9f,Chicken Scratch,IN,Indianapolis,"Indianapolis, IN",Suggested location only; branch and operating status unverified,suggestion,,"[625,626]",
suggestion-6edadd108218,Corner Pocket Pub,IN,Fort Wayne,"Fort Wayne, IN",Suggested location only; branch and operating status unverified,suggestion,,"[627,628]",
suggestion-e9b85f34878b,Crosstown Pub and Grill,IN,Naperville,"Naperville, IN",Suggested location only; branch and operating status unverified,suggestion,,[629],
suggestion-018c7c31c409,End Zone,IN,,IN,Suggested location only; branch and operating status unverified,suggestion,,[630],
suggestion-97883e7d323f,Fat Dan's,IN,Indianapolis,"Indianapolis, IN",Suggested location only; branch and operating status unverified,suggestion,,"[631,632]",
suggestion-3d8931eec3b2,Fat Dan’s Deli,IN,Indianapolis,"Indianapolis, IN",Suggested location only; branch and operating status unverified,suggestion,,"[633,634,635]",
suggestion-228e9e748ea3,Fieldbrewing,IN,Indianapolis,"Indianapolis, IN",Suggested location only; branch and operating status unverified,suggestion,,[636],
suggestion-c1b286bc441d,Friendlys Tavern,IN,Zionsville,"Zionsville, IN",Suggested location only; branch and operating status unverified,suggestion,,[637],
suggestion-39c9ffcc8616,J Wings and Seafood,IN,Indianapolis,"Indianapolis, IN",Suggested location only; branch and operating status unverified,suggestion,,[638],
suggestion-b3ff918b6891,JJ's Sideout Bar and Grill,IN,,IN,Suggested location only; branch and operating status unverified,suggestion,,[639],
suggestion-f5969952723e,King Dough,IN,Indianapolis,"Indianapolis, IN",Suggested location only; branch and operating status unverified,suggestion,,[640],
suggestion-2f04c1d2461f,Louie's Wings and Catfish,IN,Portage,"Portage, IN",Suggested location only; branch and operating status unverified,suggestion,,[641],
suggestion-3fd3e414d3a4,New Bethel Ordinary,IN,,IN,Suggested location only; branch and operating status unverified,suggestion,,[642],
suggestion-f00b12736288,Off Broadway,IN,Madison,"Madison, IN",Suggested location only; branch and operating status unverified,suggestion,,[643],
suggestion-d6a03f9ded9e,Papa's Grill,IN,Columbus,"Columbus, IN",Suggested location only; branch and operating status unverified,suggestion,,[644],
suggestion-29e3a21fa6a6,Strange Bird,IN,Indianapolis,"Indianapolis, IN",Suggested location only; branch and operating status unverified,suggestion,,[645],
suggestion-4771b08da38f,The Mason Inn,IN,Pittsboro,"Pittsboro, IN",Suggested location only; branch and operating status unverified,suggestion,,[646],
suggestion-b9b072ef460a,The Tower Bar & Grill,IN,Fort Wayne,"Fort Wayne, IN",Suggested location only; branch and operating status unverified,suggestion,,[647],
suggestion-829052960e5e,The Union Bar & Grill,IN,Napoleon,"Napoleon, IN",Suggested location only; branch and operating status unverified,suggestion,,[648],
suggestion-e82e682a37de,Tower Bar and Grill,IN,Fort Wayne,"Fort Wayne, IN",Suggested location only; branch and operating status unverified,suggestion,,[649],
suggestion-548675332666,Twiggys one headlight pub,IN,Terre Haute,"Terre Haute, IN",Suggested location only; branch and operating status unverified,suggestion,,[650],
suggestion-89c7f3702cc7,Wing Xtreme,IN,Bloomington,"Bloomington, IN",Suggested location only; branch and operating status unverified,suggestion,,[651],
suggestion-8d1ca5d203df,Wings Ect,IN,South Bend,"South Bend, IN",Suggested location only; branch and operating status unverified,suggestion,,[652],
suggestion-b3799b060fe1,Wings Etc.,IN,Fort Wayne,"Fort Wayne, IN",Suggested location only; branch and operating status unverified,suggestion,,[653],
suggestion-0c5a88f2719c,Wings Etc.,IN,South Bend,"South Bend, IN",Suggested location only; branch and operating status unverified,suggestion,,[654],
suggestion-7dec81f8ce45,"Wings, etc.",IN,,IN,Suggested location only; branch and operating status unverified,suggestion,,"[655,656,657]",
suggestion-cee610c5701a,World Famous HotBoys (Fountain Square location),IN,Indianapolis,"Indianapolis, IN",Suggested location only; branch and operating status unverified,suggestion,,[658],
suggestion-bbd45f4cf939,B&C Barbecue,KS,Wichita,"Wichita, KS",Suggested location only; branch and operating status unverified,suggestion,,[660],
suggestion-1d878c4533e7,Chicken Chicken,KS,Wichita,"Wichita, KS",Suggested location only; branch and operating status unverified,suggestion,,[661],
suggestion-ee4184e0a6eb,CM Chicken,KS,Overland Park,"Overland Park, KS",Suggested location only; branch and operating status unverified,suggestion,,[662],
suggestion-b64026425e8f,El Pollo Rey,KS,,KS,Suggested location only; branch and operating status unverified,suggestion,,[663],
suggestion-ffeee2667271,Go Chicken Go,KS,,KS,Suggested location only; branch and operating status unverified,suggestion,,[664],
suggestion-24be811288e4,Poplar Restaurant,KS,Andover,"Andover, KS",Suggested location only; branch and operating status unverified,suggestion,,[665],
suggestion-2114df15e314,Poplars,KS,Andover,"Andover, KS",Suggested location only; branch and operating status unverified,suggestion,,[666],
suggestion-11bf473e7c69,The Hub Brick Oven & Brewery,KS,,KS,Suggested location only; branch and operating status unverified,suggestion,,[667],
suggestion-8b7d74f51f41,The Peanut,KS,Kansas City,"Kansas City, KS",Suggested location only; branch and operating status unverified,suggestion,,"[668,669]",
suggestion-a87c5c5903d7,The Peanut,KS,Overland Park,"Overland Park, KS",Suggested location only; branch and operating status unverified,suggestion,,"[670,671,672,673]",
suggestion-334379dafe8a,Back Door,KY,Louisville,"Louisville, KY",Suggested location only; branch and operating status unverified,suggestion,,[674],
suggestion-78f895ff7bd5,Back Door Bar and Grill,KY,Louisville,"Louisville, KY",Suggested location only; branch and operating status unverified,suggestion,,[675],
suggestion-9d99dbe46220,Barrett Bar and Grill,KY,Louisville,"Louisville, KY",Suggested location only; branch and operating status unverified,suggestion,,[676],
suggestion-c995b2870c53,Bootleg BBQ,KY,,KY,Suggested location only; branch and operating status unverified,suggestion,,[677],
suggestion-f0170d2cdfed,Cluckers Wings,KY,,KY,Suggested location only; branch and operating status unverified,suggestion,,[678],
suggestion-fa169b5d8d5c,Hometown Hero's,KY,Dayton,"Dayton, KY",Suggested location only; branch and operating status unverified,suggestion,,[679],
suggestion-5acfad94cf12,Knuck-n-Futz,KY,Taylor Mill,"Taylor Mill, KY",Suggested location only; branch and operating status unverified,suggestion,,[680],
suggestion-9b9ab8e0f9e6,Mama's Mustard and Pickles,KY,Louisville,"Louisville, KY",Suggested location only; branch and operating status unverified,suggestion,,[681],
suggestion-d671c56543ef,Mamma's BBQ,KY,Louisville,"Louisville, KY",Suggested location only; branch and operating status unverified,suggestion,,[682],
suggestion-59de2103f244,Midway Cafe,KY,Fort Thomas,"Fort Thomas, KY",Suggested location only; branch and operating status unverified,suggestion,,"[683,684]",
suggestion-11658af92e47,Midway Cafe,KY,Ft. Thomas,"Ft. Thomas, KY",Suggested location only; branch and operating status unverified,suggestion,,[685],
suggestion-eab6bbcd7671,Mister B's,KY,Bowling Green,"Bowling Green, KY",Suggested location only; branch and operating status unverified,suggestion,,"[686,687]",
suggestion-7db1177998bc,Momma's,KY,St. Matthews,"St. Matthews, KY",Suggested location only; branch and operating status unverified,suggestion,,[688],
suggestion-5e4d608a501d,Momma's BBQ,KY,Louisville,"Louisville, KY",Suggested location only; branch and operating status unverified,suggestion,,[689],
suggestion-eb4063be312e,Momma's BBQ,KY,,KY,Suggested location only; branch and operating status unverified,suggestion,,[690],
suggestion-c5857d99f776,Momma's Homemade Mustard & Pickles,KY,Louisville,"Louisville, KY",Suggested location only; branch and operating status unverified,suggestion,,[691],
suggestion-2cb89e8966c4,RailBird,KY,Louisville,"Louisville, KY",Suggested location only; branch and operating status unverified,suggestion,,[692],
suggestion-db69226833f1,Rumors,KY,Louisville,"Louisville, KY",Suggested location only; branch and operating status unverified,suggestion,,[693],
suggestion-2fd59619d33d,Spillway,KY,Bowling Green,"Bowling Green, KY",Suggested location only; branch and operating status unverified,suggestion,,[694],
suggestion-4e8d15da23f7,The Back Door,KY,Louisville,"Louisville, KY",Suggested location only; branch and operating status unverified,suggestion,,[695],
suggestion-20be34913316,The Great Flood,KY,Louisville,"Louisville, KY",Suggested location only; branch and operating status unverified,suggestion,,[696],
suggestion-9e664b6edf68,Wing Kyng,KY,Lexington,"Lexington, KY",Suggested location only; branch and operating status unverified,suggestion,,"[697,698,699,700]",
suggestion-b43e8df5886d,Wing Station,KY,Louisville,"Louisville, KY",Suggested location only; branch and operating status unverified,suggestion,,[701],
suggestion-845acbcdfd5e,Wings and Rings,KY,,KY,Suggested location only; branch and operating status unverified,suggestion,,[702],
suggestion-3ae47bfef8bf,Bao Vietnamese,LA,Baton Rouge,"Baton Rouge, LA",Suggested location only; branch and operating status unverified,suggestion,,[703],
suggestion-85825c6f989e,Bayou Effect,LA,Baton Rouge,"Baton Rouge, LA",Suggested location only; branch and operating status unverified,suggestion,,[704],
suggestion-762388be650a,Big Mike's BBQ,LA,Thibodaux,"Thibodaux, LA",Suggested location only; branch and operating status unverified,suggestion,,[706],
suggestion-c65707f55013,Blue Oak BBQ,LA,New Orleans,"New Orleans, LA",Suggested location only; branch and operating status unverified,suggestion,,[707],
suggestion-c0c06b9b74d6,Blue Store,LA,,LA,Suggested location only; branch and operating status unverified,suggestion,,[708],
suggestion-629aeee5e131,Blue Store Chicken,LA,Baton Rouge,"Baton Rouge, LA",Suggested location only; branch and operating status unverified,suggestion,,[709],
suggestion-53ed66476b09,Bouree,LA,New Orleans,"New Orleans, LA",Suggested location only; branch and operating status unverified,suggestion,,[710],
suggestion-80e2698de516,Chicken & Watermelon,LA,New Orleans,"New Orleans, LA",Suggested location only; branch and operating status unverified,suggestion,,[711],
suggestion-c7e8939caa88,Copeland's,LA,,LA,Suggested location only; branch and operating status unverified,suggestion,,[712],
suggestion-b37ce1675ffa,Creole House,LA,,LA,Suggested location only; branch and operating status unverified,suggestion,,[713],
suggestion-000b581b1e57,Empire Wings,LA,Baton Rouge,"Baton Rouge, LA",Suggested location only; branch and operating status unverified,suggestion,,[714],
suggestion-5911053a052c,Empire Wingz,LA,Baton Rouge,"Baton Rouge, LA",Suggested location only; branch and operating status unverified,suggestion,,[715],
suggestion-ea600a042d33,Jay's Creole Wings,LA,New Orleans,"New Orleans, LA",Suggested location only; branch and operating status unverified,suggestion,,[716],
suggestion-5ed4533ea375,Kajun Kidd Burgers and Wings,LA,Thibodaux,"Thibodaux, LA",Suggested location only; branch and operating status unverified,suggestion,,[717],
suggestion-8b7a47952bef,Kajun Kidd Burgers and Wings,LA,Thibodeaux,"Thibodeaux, LA",Suggested location only; branch and operating status unverified,suggestion,,[718],
suggestion-1f99f15d8e71,KOK (Kitchen on Klinton),LA,,LA,Suggested location only; branch and operating status unverified,suggestion,,[722],
suggestion-75005b0d5e2c,KOK Wings,LA,,LA,Suggested location only; branch and operating status unverified,suggestion,,[723],
suggestion-ce4c64ff2139,KOK Wings n Things,LA,Lafayette,"Lafayette, LA",Suggested location only; branch and operating status unverified,suggestion,,[724],
suggestion-c42907dddb89,Kravins,LA,Monroe,"Monroe, LA",Suggested location only; branch and operating status unverified,suggestion,,[725],
suggestion-962e85d9ae61,MoPho,LA,,LA,Suggested location only; branch and operating status unverified,suggestion,,[726],
suggestion-bc548c1af2e3,Peak Wings,LA,,LA,Suggested location only; branch and operating status unverified,suggestion,,[727],
suggestion-9ae3e73e8639,Valley Wings,LA,,LA,Suggested location only; branch and operating status unverified,suggestion,,[728],
suggestion-07a5ba78a610,We Dats,LA,New Orleans,"New Orleans, LA",Suggested location only; branch and operating status unverified,suggestion,,[729],
suggestion-066f22d34a7a,Wing Snack Express,LA,Kenner,"Kenner, LA",Suggested location only; branch and operating status unverified,suggestion,,[730],
suggestion-0985527d4aa4,Coop De Ville,MA,Oak Bluffs,"Oak Bluffs, MA",Suggested location only; branch and operating status unverified,suggestion,,[734],
suggestion-506edc841be7,Fat Cat,MA,Quincy,"Quincy, MA",Suggested location only; branch and operating status unverified,suggestion,,[735],
suggestion-4fa022259cec,George's,MA,Gloucester,"Gloucester, MA",Suggested location only; branch and operating status unverified,suggestion,,[736],
suggestion-70c13c04cbc2,Harry's,MA,Middleboro,"Middleboro, MA",Suggested location only; branch and operating status unverified,suggestion,,[737],
suggestion-4246040a7112,Parker's Pub,MA,,MA,Suggested location only; branch and operating status unverified,suggestion,,[738],
suggestion-4965dfdd4301,Sizzling Kitchen,MA,Lowell,"Lowell, MA",Suggested location only; branch and operating status unverified,suggestion,,[739],
suggestion-fd169a69bc18,Speedwell Tavern,MA,Plymouth,"Plymouth, MA",Suggested location only; branch and operating status unverified,suggestion,,[740],
suggestion-bf105da51d69,The Hangar,MA,,MA,Suggested location only; branch and operating status unverified,suggestion,,[741],
suggestion-0a4b59d7a344,Wicked Wing Co,MA,Worcester,"Worcester, MA",Suggested location only; branch and operating status unverified,suggestion,,[743],
suggestion-5068b3237418,C3ntral Tavern,MD,Elkton,"Elkton, MD",Suggested location only; branch and operating status unverified,suggestion,,[744],
suggestion-5ede5a629c90,CR Wings,MD,Bel Air,"Bel Air, MD",Suggested location only; branch and operating status unverified,suggestion,,[745],
suggestion-4fbc96f9815a,CR Wings,MD,Bel Aire,"Bel Aire, MD",Suggested location only; branch and operating status unverified,suggestion,,[746],
suggestion-f5fd999107ac,EW Becks,MD,Sykesville,"Sykesville, MD",Suggested location only; branch and operating status unverified,suggestion,,[747],
suggestion-572946283237,Gianni’s Pizza,MD,Cumberland,"Cumberland, MD",Suggested location only; branch and operating status unverified,suggestion,,[748],
suggestion-1fad57256628,Glory Days,MD,Sykesville,"Sykesville, MD",Suggested location only; branch and operating status unverified,suggestion,,[749],
suggestion-5f72e3863998,Hard Times Cafe,MD,Rockville,"Rockville, MD",Suggested location only; branch and operating status unverified,suggestion,,[750],
suggestion-e2fe0f6ccdd2,Hunter's Hound,MD,,MD,Suggested location only; branch and operating status unverified,suggestion,,[751],
suggestion-aba765546d89,Jim’s Hideaway,MD,Gambrills,"Gambrills, MD",Suggested location only; branch and operating status unverified,suggestion,,[753],
suggestion-ec8b8f5177b8,Kisling's,MD,Baltimore,"Baltimore, MD",Suggested location only; branch and operating status unverified,suggestion,,[754],
suggestion-f3a0e68d99af,Mother's,MD,Baltimore,"Baltimore, MD",Suggested location only; branch and operating status unverified,suggestion,,[755],
suggestion-91698d5aa0c6,Mother's North Grille,MD,Timonium,"Timonium, MD",Suggested location only; branch and operating status unverified,suggestion,,[756],
suggestion-5bccc46974cf,Old Dominion Brewhouse,MD,,MD,Suggested location only; branch and operating status unverified,suggestion,,[757],
suggestion-1be565a9c6c3,Quarry House Tavern,MD,Silver Spring,"Silver Spring, MD",Suggested location only; branch and operating status unverified,suggestion,,[758],
suggestion-1637797af5ac,Upper Deck,MD,Mount Airy,"Mount Airy, MD",Suggested location only; branch and operating status unverified,suggestion,,[759],
suggestion-ba79ff169a73,Wings Things and More,MD,,MD,Suggested location only; branch and operating status unverified,suggestion,,[760],
suggestion-972f0c23e223,Wings Town,MD,Baltimore,"Baltimore, MD",Suggested location only; branch and operating status unverified,suggestion,,[761],
suggestion-152c0e0ec6e5,Binga's,ME,Windham,"Windham, ME",Suggested location only; branch and operating status unverified,suggestion,,"[763,764]",
suggestion-f1de876ff627,Bingas,ME,,ME,Suggested location only; branch and operating status unverified,suggestion,,[765],
suggestion-970925245a5e,Bingas Wingas,ME,,ME,Suggested location only; branch and operating status unverified,suggestion,,"[766,767]",
suggestion-6602681f0539,Geaghans,ME,,ME,Suggested location only; branch and operating status unverified,suggestion,,[768],
suggestion-e58ce1bb51dd,Great Lost Bear,ME,Portland,"Portland, ME",Suggested location only; branch and operating status unverified,suggestion,,[769],
suggestion-addab5d6e9a9,Lakeview,ME,St. Agatha,"St. Agatha, ME",Suggested location only; branch and operating status unverified,suggestion,,[770],
suggestion-292ea2e7e0eb,Samuels,ME,Portland,"Portland, ME",Suggested location only; branch and operating status unverified,suggestion,,[771],
suggestion-9c4d3fde16d1,Art’s Pub,MI,Lansing,"Lansing, MI",Suggested location only; branch and operating status unverified,suggestion,,[773],
suggestion-4aa825b10f6b,Blackstone's Smokehouse,MI,Flint,"Flint, MI",Suggested location only; branch and operating status unverified,suggestion,,[774],
suggestion-1b7d102a9324,Blue Door Pub,MN,Minneapolis,"Minneapolis, MN",Suggested location only; branch and operating status unverified,suggestion,,[775],
suggestion-4958394ee201,Buffs Pizza,MI,Dearborn,"Dearborn, MI",Suggested location only; branch and operating status unverified,suggestion,,[776],
suggestion-b37b60ea992d,Cantina,MI,Grand Rapids,"Grand Rapids, MI",Suggested location only; branch and operating status unverified,suggestion,,[777],
suggestion-8f192c352017,Celina’s Bar & Grill,MI,Madison Heights,"Madison Heights, MI",Suggested location only; branch and operating status unverified,suggestion,,[778],
suggestion-d113efd7535f,Celina’s Bar and Grill,MI,Madison Heights,"Madison Heights, MI",Suggested location only; branch and operating status unverified,suggestion,,[779],
suggestion-bd1d187494f4,Detroit Wing Company,MI,Detroit,"Detroit, MI",Suggested location only; branch and operating status unverified,suggestion,,[780],
suggestion-16bd572bb6a9,Detroit Wing Company,MI,Metro Detroit,"Metro Detroit, MI",Suggested location only; branch and operating status unverified,suggestion,,[781],
suggestion-b959839ee7e4,Detroit Wing Company,MI,,MI,Suggested location only; branch and operating status unverified,suggestion,,[782],
suggestion-3b3ac865cdad,Dirty Bird,MI,Jackson,"Jackson, MI",Suggested location only; branch and operating status unverified,suggestion,,[783],
suggestion-736420529472,Dirty Shake,MI,Detroit,"Detroit, MI",Suggested location only; branch and operating status unverified,suggestion,,[784],
suggestion-182eb38430d2,Herman’s Boy,MI,Rockford,"Rockford, MI",Suggested location only; branch and operating status unverified,suggestion,,[785],
suggestion-fde9cb3c9924,Jay's Lounge,MI,Niles,"Niles, MI",Suggested location only; branch and operating status unverified,suggestion,,"[786,787]",
suggestion-eb01e657cfaf,Key Hole Bar,MI,St. Ignace,"St. Ignace, MI",Suggested location only; branch and operating status unverified,suggestion,,[788],
suggestion-18fe31de1ec5,Meat Southern BBQ and Carnivore Cuisine,MI,Lansing,"Lansing, MI",Suggested location only; branch and operating status unverified,suggestion,,"[789,790]",
suggestion-0a6c4c3b2165,Mike's Wings,MI,Grand Rapids,"Grand Rapids, MI",Suggested location only; branch and operating status unverified,suggestion,,[791],
suggestion-cbc597b65f09,Mr. Spots,MI,Ann Arbor,"Ann Arbor, MI",Suggested location only; branch and operating status unverified,suggestion,,[792],
suggestion-e308be7b5c1f,Powell's Pub,MI,Ypsilanti,"Ypsilanti, MI",Suggested location only; branch and operating status unverified,suggestion,,[793],
suggestion-cc050341e8b4,Side Biscuit,MI,Ann Arbor,"Ann Arbor, MI",Suggested location only; branch and operating status unverified,suggestion,,"[794,796,797]",
suggestion-fc70b4c25076,Side Biscuit,MI,,MI,Suggested location only; branch and operating status unverified,suggestion,,[795],
suggestion-4f5c323a76ad,Sporty's Wing Shack & Smoke House,MI,Pinconning,"Pinconning, MI",Suggested location only; branch and operating status unverified,suggestion,,[798],
suggestion-3e66bbb0903c,Sportys Wing Shack,MI,Pinconning,"Pinconning, MI",Suggested location only; branch and operating status unverified,suggestion,,[799],
suggestion-3f6a18e39921,Sweetwater,MI,Detroit,"Detroit, MI",Suggested location only; branch and operating status unverified,suggestion,,[800],
suggestion-783bf486b320,Sweetwater Wings,MI,Detroit,"Detroit, MI",Suggested location only; branch and operating status unverified,suggestion,,[817],
suggestion-f9b53c816b48,The Dirty Bird,MI,Jackson,"Jackson, MI",Suggested location only; branch and operating status unverified,suggestion,,[818],
suggestion-3e714eac8790,The Score,MI,Plainville,"Plainville, MI",Suggested location only; branch and operating status unverified,suggestion,,[819],
suggestion-3a40e0bae39f,The Smokin' Pig,MI,Lansing,"Lansing, MI",Suggested location only; branch and operating status unverified,suggestion,,[820],
suggestion-66729b560ecc,TJ's Tavern,MI,Bainbridge,"Bainbridge, MI",Suggested location only; branch and operating status unverified,suggestion,,[821],
suggestion-c82e03979f3e,Valley Wings,MI,Okemos,"Okemos, MI",Suggested location only; branch and operating status unverified,suggestion,,[822],
suggestion-5d052395bf96,Vinsetta Garage,MI,Royal Oak,"Royal Oak, MI",Suggested location only; branch and operating status unverified,suggestion,,[823],
suggestion-85ca83764110,Wheaty's Pub,MI,Upper Peninsula,"Upper Peninsula, MI",Suggested location only; branch and operating status unverified,suggestion,,[824],
suggestion-bab658f2a823,Wing Fellas,MI,Belleville,"Belleville, MI",Suggested location only; branch and operating status unverified,suggestion,,[827],
suggestion-9265e9a7e147,Wing Fellas,MI,Dearborne,"Dearborne, MI",Suggested location only; branch and operating status unverified,suggestion,,[828],
suggestion-6486e6a1b328,Wing fellas,MI,Southfield,"Southfield, MI",Suggested location only; branch and operating status unverified,suggestion,,[829],
suggestion-496ac34c5e53,Wing Fellas,MI,,MI,Suggested location only; branch and operating status unverified,suggestion,,[830],
suggestion-6aaa4938e432,Wingfellas,MI,Dearborn,"Dearborn, MI",Suggested location only; branch and operating status unverified,suggestion,,[831],
suggestion-e8c9269daa39,Woodpile BBQ Shack,MI,Madison Heights,"Madison Heights, MI",Suggested location only; branch and operating status unverified,suggestion,,[832],
suggestion-a11411fa772d,5-8 Club,MN,Minneapolis,"Minneapolis, MN",Suggested location only; branch and operating status unverified,suggestion,,[833],
suggestion-4c084aef7ce9,Blue Line sports bar & grill,MN,Sartell,"Sartell, MN",Suggested location only; branch and operating status unverified,suggestion,,[834],
suggestion-c3c80357787f,Cedar Inn,MN,Minneapolis,"Minneapolis, MN",Suggested location only; branch and operating status unverified,suggestion,,"[835,836,837]",
suggestion-f5e26d9ef898,Cora’s Best Chicken,MN,St. Paul,"St. Paul, MN",Suggested location only; branch and operating status unverified,suggestion,,[838],
suggestion-3689b8b3c790,D Sport,MN,Oakdale,"Oakdale, MN",Suggested location only; branch and operating status unverified,suggestion,,[839],
suggestion-aa3bbb63eafe,Herbie's,MN,St. Paul,"St. Paul, MN",Suggested location only; branch and operating status unverified,suggestion,,[864],
suggestion-ccb3bef0f039,Khâluna. Young Joni.,MN,Minneapolis,"Minneapolis, MN",Suggested location only; branch and operating status unverified,suggestion,,[865],
suggestion-af1bcfd2c451,Pizza Luce,MN,Minneapolis,"Minneapolis, MN",Suggested location only; branch and operating status unverified,suggestion,,[866],
suggestion-85940d574b57,Pizza Lucé,MN,Minneapolis,"Minneapolis, MN",Suggested location only; branch and operating status unverified,suggestion,,[867],
suggestion-8c44980e30f6,Ray J's,MN,Minneapolis,"Minneapolis, MN",Suggested location only; branch and operating status unverified,suggestion,,"[868,869,870,872]",
suggestion-ea8b31469668,Ray J's,MN,,MN,Suggested location only; branch and operating status unverified,suggestion,,[871],
suggestion-65b08999754b,Serum's,MN,Anoka,"Anoka, MN",Suggested location only; branch and operating status unverified,suggestion,,"[882,884,885,886]",
suggestion-8ba60bcc6c8b,Serum’s Good Time Emporium,MN,Anoka,"Anoka, MN",Suggested location only; branch and operating status unverified,suggestion,,[883],
suggestion-6e1bc7afcdcf,Steve O's Bar & Grill,MN,Crystal,"Crystal, MN",Suggested location only; branch and operating status unverified,suggestion,,[887],
suggestion-f6e5d9273f11,The D Spot,MN,St. Paul,"St. Paul, MN",Suggested location only; branch and operating status unverified,suggestion,,[888],
suggestion-ac0ac9b8be44,Thirsty Moose Bar,MN,Cherry,"Cherry, MN",Suggested location only; branch and operating status unverified,suggestion,,[889],
suggestion-d6a2e9521834,Turtle's,MN,Shakopee,"Shakopee, MN",Suggested location only; branch and operating status unverified,suggestion,,"[890,891]",
suggestion-4965432d45db,Wyatt's twisted Americana,MN,Eagan (the greater twin cities area),"Eagan (the greater twin cities area), MN",Suggested location only; branch and operating status unverified,suggestion,,[892],
suggestion-00691e0f4894,Al's Bar and Grill,MO,Kansas City,"Kansas City, MO",Suggested location only; branch and operating status unverified,suggestion,,[893],
suggestion-96c9871ec36e,Bhall's Wings,MO,OFallon,"OFallon, MO",Suggested location only; branch and operating status unverified,suggestion,,[894],
suggestion-6be10c3f5950,Big Boys,MO,Washington,"Washington, MO",Suggested location only; branch and operating status unverified,suggestion,,[895],
suggestion-ba60998ec4de,Boat Town Brewing,MO,Philipsburg,"Philipsburg, MO",Suggested location only; branch and operating status unverified,suggestion,,[896],
suggestion-0a655ae5ae1c,CJ's,MO,Columbia,"Columbia, MO",Suggested location only; branch and operating status unverified,suggestion,,"[897,900,901]",
suggestion-0241e6c41e98,CJ's,MO,Columbus,"Columbus, MO",Suggested location only; branch and operating status unverified,suggestion,,[898],
suggestion-1d3f6007786a,CJ's In Tiger Country,MO,Columbia,"Columbia, MO",Suggested location only; branch and operating status unverified,suggestion,,[899],
suggestion-dd0bf497a570,Crooked Feather,MO,St. Louis,"St. Louis, MO",Suggested location only; branch and operating status unverified,suggestion,,[902],
suggestion-d5e220cb0e27,Culpepper's,MO,,MO,Suggested location only; branch and operating status unverified,suggestion,,[903],
suggestion-65ca629ebed2,Fenton Bar and Grill,MO,St. Louis,"St. Louis, MO",Suggested location only; branch and operating status unverified,suggestion,,[904],
suggestion-65245104d35a,Garvey's,MO,St. Louis,"St. Louis, MO",Suggested location only; branch and operating status unverified,suggestion,,[905],
suggestion-ae90dd49aeb6,Hacket's,MO,Joplin,"Joplin, MO",Suggested location only; branch and operating status unverified,suggestion,,[906],
suggestion-e7bf047b1d38,Hackett Hot Wings,MO,Joplin,"Joplin, MO",Suggested location only; branch and operating status unverified,suggestion,,[907],
suggestion-f7d451adb84c,High Dive Lounge,MO,Kansas City,"Kansas City, MO",Suggested location only; branch and operating status unverified,suggestion,,[908],
suggestion-f94406adf2d3,Holties,MO,St. Louis,"St. Louis, MO",Suggested location only; branch and operating status unverified,suggestion,,[909],
suggestion-bc9f741cfd05,Mattingly's,MO,,MO,Suggested location only; branch and operating status unverified,suggestion,,[910],
suggestion-dd54135f250d,Mulligans,MO,Ellisville,"Ellisville, MO",Suggested location only; branch and operating status unverified,suggestion,,[911],
suggestion-e609038cdacc,Mulligans Grill,MO,Ellisville,"Ellisville, MO",Suggested location only; branch and operating status unverified,suggestion,,[912],
suggestion-c8d87d5ef8cf,O Wings Plus,MO,St. Louis,"St. Louis, MO",Suggested location only; branch and operating status unverified,suggestion,,[913],
suggestion-cbcb2c93669b,O! Wing Plus,MO,St. Louis,"St. Louis, MO",Suggested location only; branch and operating status unverified,suggestion,,[914],
suggestion-a9ab1dc184f6,Ohanas,MO,Fulton,"Fulton, MO",Suggested location only; branch and operating status unverified,suggestion,,[915],
suggestion-00a4c1dffadf,Post Office Bar and Grill,MO,Fulton,"Fulton, MO",Suggested location only; branch and operating status unverified,suggestion,,"[916,917]",
suggestion-b15a22c520e2,Q39,MO,Kansas City,"Kansas City, MO",Suggested location only; branch and operating status unverified,suggestion,,[918],
suggestion-d95317bfb6be,Stella Blues,MO,St. Louis,"St. Louis, MO",Suggested location only; branch and operating status unverified,suggestion,,[919],
suggestion-577991a02e2a,Sugarfire,MO,,MO,Suggested location only; branch and operating status unverified,suggestion,,[920],
suggestion-accafb943552,Syberg's,MO,St. Louis,"St. Louis, MO",Suggested location only; branch and operating status unverified,suggestion,,"[921,922,923]",
suggestion-968bf8c8609b,Syberg's,MO,,MO,Suggested location only; branch and operating status unverified,suggestion,,"[924,925]",
suggestion-3f16cce48dd6,The Rack House,MO,Cottleville,"Cottleville, MO",Suggested location only; branch and operating status unverified,suggestion,,[953],
suggestion-3401ba33e2dc,Truman's,MO,Columbia,"Columbia, MO",Suggested location only; branch and operating status unverified,suggestion,,[954],
suggestion-8285138f6190,Wings & More,MO,Grandview,"Grandview, MO",Suggested location only; branch and operating status unverified,suggestion,,[955],
suggestion-4d37a3fa7f43,"Wings, etc.",MO,Cape Girardeau,"Cape Girardeau, MO",Suggested location only; branch and operating status unverified,suggestion,,[956],
suggestion-8f58868ac366,Blue Canoe,MS,Tupelo,"Tupelo, MS",Suggested location only; branch and operating status unverified,suggestion,,[957],
suggestion-6e070da9b6c9,Dark Horse Tavern,MS,Starkville,"Starkville, MS",Suggested location only; branch and operating status unverified,suggestion,,[958],
suggestion-2bd775c50bfc,Fairley’s Wings,MS,Hattiesburg,"Hattiesburg, MS",Suggested location only; branch and operating status unverified,suggestion,,[960],
suggestion-078149f094e2,Moe's BBQ,MS,,MS,Suggested location only; branch and operating status unverified,suggestion,,[961],
suggestion-ac5dde1ae6ce,Ole Coop,MS,Oxford,"Oxford, MS",Suggested location only; branch and operating status unverified,suggestion,,[962],
suggestion-7a876f21de8a,Tay's BBQ,MS,,MS,Suggested location only; branch and operating status unverified,suggestion,,[963],
suggestion-a37ab5baa858,The Camp,MS,Natchez,"Natchez, MS",Suggested location only; branch and operating status unverified,suggestion,,[964],
suggestion-1b2efe2d61f6,The Camphouse,MS,Starkville,"Starkville, MS",Suggested location only; branch and operating status unverified,suggestion,,[965],
suggestion-1a319ac5a391,Two Brothers,MS,Starkville,"Starkville, MS",Suggested location only; branch and operating status unverified,suggestion,,[966],
suggestion-12917b7fea30,Uncle Joe's Pizza and Wings,MS,Pass Christian,"Pass Christian, MS",Suggested location only; branch and operating status unverified,suggestion,,[967],
suggestion-81526f2b655e,Village Kitchen,MS,Jackson,"Jackson, MS",Suggested location only; branch and operating status unverified,suggestion,,[968],
suggestion-9f305617c747,WTF,MS,Starkville,"Starkville, MS",Suggested location only; branch and operating status unverified,suggestion,,[969],
suggestion-0f31cafe35f5,406 Ktichen & Taproom,MT,Billings,"Billings, MT",Suggested location only; branch and operating status unverified,suggestion,,[970],
suggestion-c31282f766f0,Bulldog Saloon,MT,Whitefish,"Whitefish, MT",Suggested location only; branch and operating status unverified,suggestion,,[971],
suggestion-3edffafc9b51,Dax's Wings and Things,MT,Billings,"Billings, MT",Suggested location only; branch and operating status unverified,suggestion,,[972],
suggestion-c282155dcf6d,Desperados,MT,Missoula,"Missoula, MT",Suggested location only; branch and operating status unverified,suggestion,,"[973,974]",
suggestion-220729c4c2fd,Grandstand,MT,Billings,"Billings, MT",Suggested location only; branch and operating status unverified,suggestion,,[975],
suggestion-584d265527b5,Grandstand,MT,,MT,Suggested location only; branch and operating status unverified,suggestion,,[976],
suggestion-b2204f684aef,My House,MT,Missoula,"Missoula, MT",Suggested location only; branch and operating status unverified,suggestion,,[977],
suggestion-0a0a15d4af75,Overland Express,MT,Helena,"Helena, MT",Suggested location only; branch and operating status unverified,suggestion,,"[978,979,980]",
suggestion-df6d67f1d7c3,Play Inn,MT,BILLINGS,"BILLINGS, MT",Suggested location only; branch and operating status unverified,suggestion,,[981],
suggestion-a60b9091203b,Poor Henry's,MT,Missoula,"Missoula, MT",Suggested location only; branch and operating status unverified,suggestion,,[982],
suggestion-0f447f7aca3a,Roost Fried Chicken,MT,Bozeman,"Bozeman, MT",Suggested location only; branch and operating status unverified,suggestion,,[983],
suggestion-340e811062ca,The Bulldog Saloon,MT,Kalispell,"Kalispell, MT",Suggested location only; branch and operating status unverified,suggestion,,[984],
suggestion-bb2f28eedcb7,The Bulldog Saloon,MT,Whitefish,"Whitefish, MT",Suggested location only; branch and operating status unverified,suggestion,,"[985,986]",
suggestion-ff8d07631258,The Desperado,MT,Missoula,"Missoula, MT",Suggested location only; branch and operating status unverified,suggestion,,"[987,988]",
suggestion-c8a24c752794,The Meadowlark,MT,Billings,"Billings, MT",Suggested location only; branch and operating status unverified,suggestion,,[989],
suggestion-5458d6bdc3e2,The Sting,MT,Great Falls,"Great Falls, MT",Suggested location only; branch and operating status unverified,suggestion,,[990],
suggestion-3521b088f63a,The Windbag,MT,Helena,"Helena, MT",Suggested location only; branch and operating status unverified,suggestion,,"[991,992]",
suggestion-9f3aeb626530,Tin Can,MT,Stevensville,"Stevensville, MT",Suggested location only; branch and operating status unverified,suggestion,,[993],
suggestion-9105e7a7735e,Tiny's,MT,Billings,"Billings, MT",Suggested location only; branch and operating status unverified,suggestion,,"[994,995]",
suggestion-88489ee72273,"“Greasy Italian Pizza Joint""",NC,East Durham,"East Durham, NC",Suggested location only; branch and operating status unverified,suggestion,,[996],
suggestion-3aca03e78d35,301 Wingz,NC,Fayetteville,"Fayetteville, NC",Suggested location only; branch and operating status unverified,suggestion,,[997],
suggestion-164de1c0e2db,Apex Wings,NC,,NC,Suggested location only; branch and operating status unverified,suggestion,,[998],
suggestion-20640550f46e,Bisonte Pizza Co,NC,Charlotte,"Charlotte, NC",Suggested location only; branch and operating status unverified,suggestion,,[999],
suggestion-0ec3a6cd6574,Black Pelican,NC,Kitty Hawk,"Kitty Hawk, NC",Suggested location only; branch and operating status unverified,suggestion,,[1000],
suggestion-902e42a877d5,Buffalo Brothers,NC,Raleigh,"Raleigh, NC",Suggested location only; branch and operating status unverified,suggestion,,[1001],
suggestion-52b3d963d8d0,D D Pecker's,NC,Charlotte,"Charlotte, NC",Suggested location only; branch and operating status unverified,suggestion,,"[1002,1003,1004,1005]",
suggestion-d8c663f2a68d,East Village,NC,Asheville,"Asheville, NC",Suggested location only; branch and operating status unverified,suggestion,,[1006],
suggestion-53b6dc3bd9ff,East Village Grill,NC,,NC,Suggested location only; branch and operating status unverified,suggestion,,[1007],
suggestion-a3a17f5d0080,Fairview Tavern,NC,Asheville,"Asheville, NC",Suggested location only; branch and operating status unverified,suggestion,,[1008],
suggestion-4d3011e4a26c,Foggy Mountain,NC,Asheville,"Asheville, NC",Suggested location only; branch and operating status unverified,suggestion,,[1009],
suggestion-f6e3c4cd7816,Fox’s Alley,NC,Monroe,"Monroe, NC",Suggested location only; branch and operating status unverified,suggestion,,[1010],
suggestion-e8177d1de523,Haywood Lounge,NC,Asheville,"Asheville, NC",Suggested location only; branch and operating status unverified,suggestion,,[1011],
suggestion-9ed58e0c5538,Heavenly Buffalo,NC,Durham,"Durham, NC",Suggested location only; branch and operating status unverified,suggestion,,[1012],
suggestion-eb774f78f812,Heavenly Buffaloes,NC,Durham,"Durham, NC",Suggested location only; branch and operating status unverified,suggestion,,"[1013,1014]",
suggestion-b55a4476456a,Hello sailor,NC,Charlotte,"Charlotte, NC",Suggested location only; branch and operating status unverified,suggestion,,[1015],
suggestion-96e328427e97,Juicy Lucy's,NC,Asheville,"Asheville, NC",Suggested location only; branch and operating status unverified,suggestion,,[1016],
suggestion-87bac8b60043,Kristopher's,NC,Matthews,"Matthews, NC",Suggested location only; branch and operating status unverified,suggestion,,[1017],
suggestion-4862de523adc,Lynnwood Tavern,NC,,NC,Suggested location only; branch and operating status unverified,suggestion,,[1018],
suggestion-d383574ecddd,Macado's,NC,Boone or Chapel Hill,"Boone or Chapel Hill, NC",Suggested location only; branch and operating status unverified,suggestion,,[1019],
suggestion-717e8ec10969,McKoy's Smokehouse and Saloon,NC,Charlotte,"Charlotte, NC",Suggested location only; branch and operating status unverified,suggestion,,[1020],
suggestion-3a98ad2b64eb,Moe's BBQ,NC,Asheville,"Asheville, NC",Suggested location only; branch and operating status unverified,suggestion,,[1021],
suggestion-165ced072288,Moosehead Bar and Grill,NC,Charlotte,"Charlotte, NC",Suggested location only; branch and operating status unverified,suggestion,,[1022],
suggestion-90fb7ff193dd,Moosehead Grill,NC,Charlotte,"Charlotte, NC",Suggested location only; branch and operating status unverified,suggestion,,[1023],
suggestion-3da4bc1887de,Moosehead's,NC,Charlotte,"Charlotte, NC",Suggested location only; branch and operating status unverified,suggestion,,[1024],
suggestion-e8a4dfac2064,Moosehead's Tavern,NC,Charlotte,"Charlotte, NC",Suggested location only; branch and operating status unverified,suggestion,,[1025],
suggestion-9e2553bed8ae,New River Brewing,NC,Jefferson,"Jefferson, NC",Suggested location only; branch and operating status unverified,suggestion,,[1026],
suggestion-8e974f757f36,New River Brewing,NC,West Jefferson,"West Jefferson, NC",Suggested location only; branch and operating status unverified,suggestion,,[1027],
suggestion-210317742ca4,Pepper's Restaurant and Bar,NC,,NC,Suggested location only; branch and operating status unverified,suggestion,,[1028],
suggestion-1fca380bccb5,Rocky's Hot Chicken Shack,NC,,NC,Suggested location only; branch and operating status unverified,suggestion,,[1029],
suggestion-247ab806cf60,Ronni's,NC,Clemmons,"Clemmons, NC",Suggested location only; branch and operating status unverified,suggestion,,[1030],
suggestion-5c7d371b3000,Seoul Food,NC,Charlotte,"Charlotte, NC",Suggested location only; branch and operating status unverified,suggestion,,[1031],
suggestion-6003b051565b,Taste of Buffalo,NC,Huntersville,"Huntersville, NC",Suggested location only; branch and operating status unverified,suggestion,,"[1032,1033,1034]",
suggestion-b3a08f119c4b,The Federal,NC,Durham,"Durham, NC",Suggested location only; branch and operating status unverified,suggestion,,[1035],
suggestion-11eeed8bcbbb,The Local,NC,,NC,Suggested location only; branch and operating status unverified,suggestion,,[1036],
suggestion-93cd4fb2cbd7,The Moosehead Grill,NC,Charlotte,"Charlotte, NC",Suggested location only; branch and operating status unverified,suggestion,,[1037],
suggestion-2cb13fe077e1,The Pedalin' Pig,NC,,NC,Suggested location only; branch and operating status unverified,suggestion,,[1038],
suggestion-36ef7434ea79,Town Tavern,NC,,NC,Suggested location only; branch and operating status unverified,suggestion,,[1039],
suggestion-e466134a82f1,Wing and Fish Co,NC,Shalotte,"Shalotte, NC",Suggested location only; branch and operating status unverified,suggestion,,[1040],
suggestion-8d47ed979201,Wing King,NC,Charlotte,"Charlotte, NC",Suggested location only; branch and operating status unverified,suggestion,,[1041],
suggestion-0d5a52a0b0f0,Wing King Cafe,NC,Charlotte,"Charlotte, NC",Suggested location only; branch and operating status unverified,suggestion,,"[1042,1043]",
suggestion-3e5e01008b3c,Chalili's Chicken and Wing,ND,Fargo,"Fargo, ND",Suggested location only; branch and operating status unverified,suggestion,,[1044],
suggestion-7aeb4a57a5de,Doolittles Woodfire Grill,ND,Fargo,"Fargo, ND",Suggested location only; branch and operating status unverified,suggestion,,[1045],
suggestion-0c1f443dc645,Parrot Cay tavern,ND,Grand Forks,"Grand Forks, ND",Suggested location only; branch and operating status unverified,suggestion,,[1046],
suggestion-0b7d0b496dea,Parrot's Cay,ND,Grand Forks,"Grand Forks, ND",Suggested location only; branch and operating status unverified,suggestion,,"[1047,1048,1049,1050,1052,1053,1054,1055,1056,1057,1058]",
suggestion-8703f7f6443b,Parrot's Cay Tavern & Grill,ND,Grand Forks,"Grand Forks, ND",Suggested location only; branch and operating status unverified,suggestion,,[1051],
suggestion-7a103453f440,Pounds,ND,Fargo,"Fargo, ND",Suggested location only; branch and operating status unverified,suggestion,,[1059],
suggestion-928698c41b8c,Spicy Pie,ND,Fargo,"Fargo, ND",Suggested location only; branch and operating status unverified,suggestion,,[1060],
suggestion-e0310d640acb,Addy's Sports Bar,NE,,NE,Suggested location only; branch and operating status unverified,suggestion,,[1061],
suggestion-7444cf130629,Addys,NE,Omaha,"Omaha, NE",Suggested location only; branch and operating status unverified,suggestion,,[1062],
suggestion-a48c4fc8db3e,Brewskies,NE,Lincoln,"Lincoln, NE",Suggested location only; branch and operating status unverified,suggestion,,[1063],
suggestion-cde288746ce6,First Round,NE,,NE,Suggested location only; branch and operating status unverified,suggestion,,[1075],
suggestion-e6d629b56905,Frank's Grill,NE,Columbus,"Columbus, NE",Suggested location only; branch and operating status unverified,suggestion,,[1076],
suggestion-fc7b51d5db80,Good Life,NE,,NE,Suggested location only; branch and operating status unverified,suggestion,,[1077],
suggestion-ff2702a11393,Night Owl,NE,Omaha,"Omaha, NE",Suggested location only; branch and operating status unverified,suggestion,,[1078],
suggestion-1002b3ef33fa,Oscar's,NE,Omaha,"Omaha, NE",Suggested location only; branch and operating status unverified,suggestion,,"[1079,1080,1081]",
suggestion-c375c3aff60f,Oscar's,NE,,NE,Suggested location only; branch and operating status unverified,suggestion,,"[1082,1083,1084,1085,1086,1087,1088]",
suggestion-9a2f01ef5ac6,Oscar’s Pizza and Sports Grille,NE,,NE,Suggested location only; branch and operating status unverified,suggestion,,[1089],
suggestion-56c3bc81a598,Oscars Bar and Grill,NE,Omaha,"Omaha, NE",Suggested location only; branch and operating status unverified,suggestion,,[1090],
suggestion-c4e2983ce2f3,Ray's Wings and Pizza,NE,Omaha,"Omaha, NE",Suggested location only; branch and operating status unverified,suggestion,,[1091],
suggestion-92318ca7e57f,Rays,NE,Omaha,"Omaha, NE",Suggested location only; branch and operating status unverified,suggestion,,"[1092,1093]",
suggestion-5ba4005773dc,Sickies,NE,,NE,Suggested location only; branch and operating status unverified,suggestion,,[1094],
suggestion-7a577182f3cb,South Pit BBQ,NE,Lincoln,"Lincoln, NE",Suggested location only; branch and operating status unverified,suggestion,,[1095],
suggestion-7fbda9f4e364,Soutwest Pit BBQ,NE,Lincoln,"Lincoln, NE",Suggested location only; branch and operating status unverified,suggestion,,[1096],
suggestion-72f25d2799b6,The Caddy Shack Sports Bar and Grill,NE,Omaha,"Omaha, NE",Suggested location only; branch and operating status unverified,suggestion,,[1097],
suggestion-a7cb6aeebe84,The Good Life,NE,,NE,Suggested location only; branch and operating status unverified,suggestion,,[1098],
suggestion-987dd9e907f5,The Watering Hole,NE,Lincoln,"Lincoln, NE",Suggested location only; branch and operating status unverified,suggestion,,"[1099,1100]",
suggestion-184632903621,The Watering Hole West,NE,Lincoln,"Lincoln, NE",Suggested location only; branch and operating status unverified,suggestion,,[1101],
suggestion-27352035f0d9,Track's,NE,,NE,Suggested location only; branch and operating status unverified,suggestion,,"[1102,1105,1106,1107]",
suggestion-12c272c455b6,Tracks,NE,Omaha,"Omaha, NE",Suggested location only; branch and operating status unverified,suggestion,,"[1103,1104]",
suggestion-ee599aefc0ef,Tracks bar and lounge,NE,Omaha,"Omaha, NE",Suggested location only; branch and operating status unverified,suggestion,,[1108],
suggestion-045c0d647511,Tracks Lounge,NE,Omaha,"Omaha, NE",Suggested location only; branch and operating status unverified,suggestion,,"[1109,1110,1111]",
suggestion-56bf6cea8ecb,Watering Hole,NE,Lincoln,"Lincoln, NE",Suggested location only; branch and operating status unverified,suggestion,,"[1112,1113,1114,1115]",
suggestion-530831013bf8,Watering Hole West,NE,Lincoln,"Lincoln, NE",Suggested location only; branch and operating status unverified,suggestion,,[1116],
suggestion-6e21c698f89b,Wings and Rings,NE,,NE,Suggested location only; branch and operating status unverified,suggestion,,[1117],
suggestion-0ce35fa27560,Professor's Pizza,NH,Hudson,"Hudson, NH",Suggested location only; branch and operating status unverified,suggestion,,[1118],
suggestion-2c582eb5f14c,Veria Pizza,NH,Hudson,"Hudson, NH",Suggested location only; branch and operating status unverified,suggestion,,[1119],
suggestion-33c44d4702eb,Wing-Itz,NH,,NH,Suggested location only; branch and operating status unverified,suggestion,,[1120],
suggestion-0d4c1ee9a1e7,"""Piccadilly's""",NJ,Shamong,"Shamong, NJ",Suggested location only; branch and operating status unverified,suggestion,,[1121],
suggestion-2d9ac058d818,Blu 42,NJ,,NJ,Suggested location only; branch and operating status unverified,suggestion,,[1122],
suggestion-342725565513,Blue 42,NJ,Elmwood Park,"Elmwood Park, NJ",Suggested location only; branch and operating status unverified,suggestion,,[1123],
suggestion-faac019f934f,Blums Chicken,NJ,,NJ,Suggested location only; branch and operating status unverified,suggestion,,[1124],
suggestion-8a06802cde60,Broadway Bar and Grill,NJ,Point Pleasant Beach,"Point Pleasant Beach, NJ",Suggested location only; branch and operating status unverified,suggestion,,[1125],
suggestion-c5d3ed1897d8,Ceegee's,NJ,,NJ,Suggested location only; branch and operating status unverified,suggestion,,[1126],
suggestion-b0bb703e8f05,Ceegees,NJ,Jackson Township,"Jackson Township, NJ",Suggested location only; branch and operating status unverified,suggestion,,[1127],
suggestion-c25b40e85c13,Charles,NJ,,NJ,Suggested location only; branch and operating status unverified,suggestion,,[1128],
suggestion-9de10e4f09a5,Chicken or the Egg,NJ,Long Beach Island,"Long Beach Island, NJ",Suggested location only; branch and operating status unverified,suggestion,,[1129],
suggestion-0ca1c3ae0bfb,Chuck's Cafe,NJ,Princeton,"Princeton, NJ",Suggested location only; branch and operating status unverified,suggestion,,[1130],
suggestion-df51fef07ec5,Chuck’s Cafe,NJ,Trenton,"Trenton, NJ",Suggested location only; branch and operating status unverified,suggestion,,[1131],
suggestion-cbf5ae221bfb,Chuck's Spring Street Cafe,NJ,Princeton,"Princeton, NJ",Suggested location only; branch and operating status unverified,suggestion,,[1132],
suggestion-caa4a22aea06,Cluck u Chicken,NJ,Redbank,"Redbank, NJ",Suggested location only; branch and operating status unverified,suggestion,,[1133],
suggestion-bb2748a09492,Dolsot House,NJ,Cherry Hill,"Cherry Hill, NJ",Suggested location only; branch and operating status unverified,suggestion,,[1134],
suggestion-ccb3cc911508,Dom's Tavern,NJ,,NJ,Suggested location only; branch and operating status unverified,suggestion,,[1135],
suggestion-bd27fc99072d,Factory Ale House,NJ,Fort Lee,"Fort Lee, NJ",Suggested location only; branch and operating status unverified,suggestion,,[1136],
suggestion-7502ed4cf0e4,First and 10,NJ,Trenton,"Trenton, NJ",Suggested location only; branch and operating status unverified,suggestion,,[1137],
suggestion-a1300821d5fe,Francesca's Pizza,NJ,,NJ,Suggested location only; branch and operating status unverified,suggestion,,[1138],
suggestion-be508a10f357,Golden Nugget,NJ,,NJ,Suggested location only; branch and operating status unverified,suggestion,,[1139],
suggestion-ea0abab4878f,Golden Nugget Tavern,NJ,Berlin,"Berlin, NJ",Suggested location only; branch and operating status unverified,suggestion,,"[1140,1141]",
suggestion-074af79d25af,Jacks Goal Line Stand,NJ,Long branch,"Long branch, NJ",Suggested location only; branch and operating status unverified,suggestion,,[1142],
suggestion-a6c2385dfbea,Jimmy Geez North,NJ,,NJ,Suggested location only; branch and operating status unverified,suggestion,,[1143],
suggestion-d3fb50b6dec9,Joes Rotisseria,NJ,Asbury Park,"Asbury Park, NJ",Suggested location only; branch and operating status unverified,suggestion,,[1144],
suggestion-63f48f535ff9,Jughandle,NJ,,NJ,Suggested location only; branch and operating status unverified,suggestion,,[1145],
suggestion-6a95d0a53274,Kroghs,NJ,,NJ,Suggested location only; branch and operating status unverified,suggestion,,[1146],
suggestion-f3f07353ae8e,Linwood Taphouse,NJ,Linden,"Linden, NJ",Suggested location only; branch and operating status unverified,suggestion,,[1147],
suggestion-5aaacf099db5,Mahwah Bar and Grill,NJ,,NJ,Suggested location only; branch and operating status unverified,suggestion,,[1148],
suggestion-f4c0e49e1c64,Marley's,NJ,Hackettstown,"Hackettstown, NJ",Suggested location only; branch and operating status unverified,suggestion,,[1149],
suggestion-fb5da997b514,Marley's Gotham Grill,NJ,Hacketstown,"Hacketstown, NJ",Suggested location only; branch and operating status unverified,suggestion,,[1150],
suggestion-a48ecc7deb8f,Ms Heaven Wings,NJ,Woodbury,"Woodbury, NJ",Suggested location only; branch and operating status unverified,suggestion,,[1151],
suggestion-841774050154,Pic-a-lilli,NJ,Shamong,"Shamong, NJ",Suggested location only; branch and operating status unverified,suggestion,,[1152],
suggestion-93b7867d8110,Pic-a-lilly Inn,NJ,Shamong,"Shamong, NJ",Suggested location only; branch and operating status unverified,suggestion,,[1153],
suggestion-d9424f971991,Piccalilli,NJ,,NJ,Suggested location only; branch and operating status unverified,suggestion,,[1154],
suggestion-a479d9b269ba,Pick-a-lillies,NJ,,NJ,Suggested location only; branch and operating status unverified,suggestion,,"[1155,1156]",
suggestion-8fb3e1c578f8,Pickalilli,NJ,,NJ,Suggested location only; branch and operating status unverified,suggestion,,[1157],
suggestion-5a37071c15b8,PJ Whelihans,NJ,Haddonfield Township,"Haddonfield Township, NJ",Suggested location only; branch and operating status unverified,suggestion,,[1158],
suggestion-3dc1dcccbb2a,The Chicken or the Egg,NJ,Beach Haven,"Beach Haven, NJ",Suggested location only; branch and operating status unverified,suggestion,,"[1159,1160]",
suggestion-a9694beb03b5,The Jug Handle Inn,NJ,Cinnaminson,"Cinnaminson, NJ",Suggested location only; branch and operating status unverified,suggestion,,[1161],
suggestion-b84f45bba097,Uncle Louis,NJ,,NJ,Suggested location only; branch and operating status unverified,suggestion,,[1162],
suggestion-0ddb0622de85,Wings Over,NJ,New Brunswick,"New Brunswick, NJ",Suggested location only; branch and operating status unverified,suggestion,,[1163],
suggestion-0255c7e73e60,505 Burgers,NM,,NM,Suggested location only; branch and operating status unverified,suggestion,,[1164],
suggestion-bf0588b5f933,505 Burgers and Wings,NM,,NM,Suggested location only; branch and operating status unverified,suggestion,,[1165],
suggestion-bbf3d69905da,Crackin’ Crab,NM,Albuquerque,"Albuquerque, NM",Suggested location only; branch and operating status unverified,suggestion,,[1167],
suggestion-f93c7f14adcc,Fratelli's Bistro,NM,Gallup,"Gallup, NM",Suggested location only; branch and operating status unverified,suggestion,,[1168],
suggestion-dfa06db34205,Thelma's Wangs and Thangs,NM,,NM,Suggested location only; branch and operating status unverified,suggestion,,[1169],
suggestion-af38636258ae,Wing Daddy’s,NM,,NM,Suggested location only; branch and operating status unverified,suggestion,,[1170],
suggestion-a24a852f1240,Wing It Up,NM,Albuquerque,"Albuquerque, NM",Suggested location only; branch and operating status unverified,suggestion,,[1171],
suggestion-46228cdcf07b,Big Dog's Draft House,NV,,NV,Suggested location only; branch and operating status unverified,suggestion,,[1172],
suggestion-450f94a6dcef,Big Dogs Brewing Company,NV,,NV,Suggested location only; branch and operating status unverified,suggestion,,[1173],
suggestion-8a4dd1276bd7,Boston's Pizza,NV,Las Vegas,"Las Vegas, NV",Suggested location only; branch and operating status unverified,suggestion,,"[1174,1175]",
suggestion-e90af42fa7e7,Dick's Last Resort,NV,,NV,Suggested location only; branch and operating status unverified,suggestion,,[1176],
suggestion-61218bbd7bb1,Hamburger Hut,NV,Las Vegas,"Las Vegas, NV",Suggested location only; branch and operating status unverified,suggestion,,[1177],
suggestion-a959d547731d,Hamburger Hut,NV,,NV,Suggested location only; branch and operating status unverified,suggestion,,[1178],
suggestion-1021bd04e0be,Lithium Mine Bar and Restaurant,NV,Crescent Butte,"Crescent Butte, NV",Suggested location only; branch and operating status unverified,suggestion,,[1179],
suggestion-bf3712c5c957,Noble Pie,NV,Reno,"Reno, NV",Suggested location only; branch and operating status unverified,suggestion,,[1180],
suggestion-8cb08e9c9115,Palm Pizza 2,NV,Las Vegas,"Las Vegas, NV",Suggested location only; branch and operating status unverified,suggestion,,[1181],
suggestion-c009d4d47f41,PT's Pub,NV,Las Vegas,"Las Vegas, NV",Suggested location only; branch and operating status unverified,suggestion,,[1182],
suggestion-71b3a0b11df7,Schussboom Brewing Co,NV,Reno,"Reno, NV",Suggested location only; branch and operating status unverified,suggestion,,[1186],
suggestion-84449eaa95f6,Tailgate,NV,Las Vegas,"Las Vegas, NV",Suggested location only; branch and operating status unverified,suggestion,,[1187],
suggestion-4034b8ae7444,The Badger Cafe,NV,Las Vegas,"Las Vegas, NV",Suggested location only; branch and operating status unverified,suggestion,,[1188],
suggestion-8c4cd880004d,Victory Burger and Wings,NV,Las Vegas,"Las Vegas, NV",Suggested location only; branch and operating status unverified,suggestion,,[1189],
suggestion-394e6c4dbc82,1886,NY,Frankfort,"Frankfort, NY",Suggested location only; branch and operating status unverified,suggestion,,[1190],
suggestion-a74759b4c195,40 Thieves,NY,Buffalo,"Buffalo, NY",Suggested location only; branch and operating status unverified,suggestion,,[1191],
suggestion-d4df328abd18,9-11 Tavern,NY,Buffalo,"Buffalo, NY",Suggested location only; branch and operating status unverified,suggestion,,"[1192,1193]",
suggestion-452969d45852,911 Tavern,NY,,NY,Suggested location only; branch and operating status unverified,suggestion,,[1194],
suggestion-37d1d6dba9de,999 Market,NY,Rochester,"Rochester, NY",Suggested location only; branch and operating status unverified,suggestion,,[1195],
suggestion-9bd25e89c0ea,Adolf's Old First Ward Tavern,NY,Buffalo,"Buffalo, NY",Suggested location only; branch and operating status unverified,suggestion,,"[1196,1197]",
suggestion-becfc18f2d16,"Anchor Bar, Duff’s, and Bar Bill",NY,Buffalo,"Buffalo, NY",Suggested location only; branch and operating status unverified,suggestion,,[1204],
suggestion-b164866c7f8c,Atomic Wings,NY,New York,"New York, NY",Suggested location only; branch and operating status unverified,suggestion,,[1205],
suggestion-3a276ae0b58c,"Bar Bill, Adolf's Old First Ward, Nine-Eleven Tavern, Wingnutz (ALL ARE MUST TRIES)",NY,Buffalo,"Buffalo, NY",Suggested location only; branch and operating status unverified,suggestion,,[1217],
suggestion-7eb9764fd1d0,Bar-Bill North,NY,Williamsville,"Williamsville, NY",Suggested location only; branch and operating status unverified,suggestion,,[1222],
suggestion-69cd7829c82c,Bar-Bill Tavern East Aurora,NY,East Aurora/ Buffalo,"East Aurora/ Buffalo, NY",Suggested location only; branch and operating status unverified,suggestion,,[1224],
suggestion-30c5edb06109,Barryville Hotel,NY,Barryville,"Barryville, NY",Suggested location only; branch and operating status unverified,suggestion,,[1230],
suggestion-eca707256678,Basak Chicken,NY,,NY,Suggested location only; branch and operating status unverified,suggestion,,[1231],
suggestion-cd1fa4f27614,Bases Loaded,NY,Buffalo/Lackawanna,"Buffalo/Lackawanna, NY",Suggested location only; branch and operating status unverified,suggestion,,[1232],
suggestion-c13bab268707,Belt Line Brewery,NY,Buffalo,"Buffalo, NY",Suggested location only; branch and operating status unverified,suggestion,,[1233],
suggestion-af4beb6cf99d,Bentley's,NY,Malta,"Malta, NY",Suggested location only; branch and operating status unverified,suggestion,,[1234],
suggestion-d4e0ac8b83c3,Bentley’s Tavern,NY,Malta,"Malta, NY",Suggested location only; branch and operating status unverified,suggestion,,[1235],
suggestion-e4f449abfb72,Blackthorn Pub,NY,Buffalo,"Buffalo, NY",Suggested location only; branch and operating status unverified,suggestion,,[1236],
suggestion-2b8e34f3b59a,Bobique,NY,Patchogue,"Patchogue, NY",Suggested location only; branch and operating status unverified,suggestion,,[1237],
suggestion-26c907a5f120,Bonchon,NY,"Bayside, Queens","Bayside, Queens, NY",Suggested location only; branch and operating status unverified,suggestion,,[1238],
suggestion-4914689b11b5,Boom Burger,NY,West Hampton,"West Hampton, NY",Suggested location only; branch and operating status unverified,suggestion,,[1239],
suggestion-9243a78dfb73,Bridge View,NY,Grand Island,"Grand Island, NY",Suggested location only; branch and operating status unverified,suggestion,,[1240],
suggestion-373b7b74d0cb,Bridie’s Bar & Grill,NY,Middle Village,"Middle Village, NY",Suggested location only; branch and operating status unverified,suggestion,,[1241],
suggestion-b319f7897a34,Caputi’s,NY,Buffalo (Tonawanda),"Buffalo (Tonawanda), NY",Suggested location only; branch and operating status unverified,suggestion,,[1249],
suggestion-551878d1d9d3,Casey’s Black Rock,NY,Buffalo,"Buffalo, NY",Suggested location only; branch and operating status unverified,suggestion,,[1250],
suggestion-ddd1f993aab7,Cask and Rasher,NY,Coxsackie,"Coxsackie, NY",Suggested location only; branch and operating status unverified,suggestion,,[1251],
suggestion-f7ec8c1a39e9,Changing Times,NY,Farmingdale,"Farmingdale, NY",Suggested location only; branch and operating status unverified,suggestion,,[1252],
suggestion-32599e46399f,Changing Times,NY,"Farmingdale, New York","Farmingdale, New York, NY",Suggested location only; branch and operating status unverified,suggestion,,[1253],
suggestion-dba3c8150867,Cherry Lounge,NY,Jamestown,"Jamestown, NY",Suggested location only; branch and operating status unverified,suggestion,,[1254],
suggestion-b6e3c75c5ae2,Colter Bay,NY,Allentown,"Allentown, NY",Suggested location only; branch and operating status unverified,suggestion,,[1255],
suggestion-f5dae7751961,Country Sweet,NY,Rochester,"Rochester, NY",Suggested location only; branch and operating status unverified,suggestion,,[1256],
suggestion-d20341ec113c,Dan and John's Wings,NY,New York,"New York, NY",Suggested location only; branch and operating status unverified,suggestion,,[1257],
suggestion-18655d7e7ee4,Dinosaur BBQ,NY,Syracuse,"Syracuse, NY",Suggested location only; branch and operating status unverified,suggestion,,[1258],
suggestion-11397e3c9af6,Dipaulo’s Pizza,NY,Buffalo,"Buffalo, NY",Suggested location only; branch and operating status unverified,suggestion,,[1259],
suggestion-6117decab8d1,Doc O Grady's,NY,Long Island,"Long Island, NY",Suggested location only; branch and operating status unverified,suggestion,,"[1260,1261]",
suggestion-cf373062d36c,Dominick’s Sports Tavern,NY,Oswego,"Oswego, NY",Suggested location only; branch and operating status unverified,suggestion,,[1264],
suggestion-dcdad88964e8,Dozers Bar and Grill,NY,Ballston Spa,"Ballston Spa, NY",Suggested location only; branch and operating status unverified,suggestion,,[1265],
suggestion-2193c09e6891,DRI,NY,Lockport,"Lockport, NY",Suggested location only; branch and operating status unverified,suggestion,,[1266],
suggestion-d39e35974065,Duff’a,NY,Buffalo,"Buffalo, NY",Suggested location only; branch and operating status unverified,suggestion,,[1267],
suggestion-ccd41db6b757,Duffs famous wings,NY,Amherst,"Amherst, NY",Suggested location only; branch and operating status unverified,suggestion,,[1283],
suggestion-279dc72727ea,duffs famous wings,NY,buffalo,"buffalo, NY",Suggested location only; branch and operating status unverified,suggestion,,"[1284,1285]",
suggestion-389676dfe54b,duffs famous wings of orchard park,NY,orchard park (near buffalo),"orchard park (near buffalo), NY",Suggested location only; branch and operating status unverified,suggestion,,[1286],
suggestion-55ed7b731476,Dwyer’s,NY,Buffalo,"Buffalo, NY",Suggested location only; branch and operating status unverified,suggestion,,[1287],
suggestion-249f8a91b662,Edie's,NY,Hamburg,"Hamburg, NY",Suggested location only; branch and operating status unverified,suggestion,,[1288],
suggestion-97f3f7c671a2,Elbow Room,NY,Elmira Heights,"Elmira Heights, NY",Suggested location only; branch and operating status unverified,suggestion,,[1289],
suggestion-06dce7e248ba,Fetch,NY,Warwick,"Warwick, NY",Suggested location only; branch and operating status unverified,suggestion,,[1296],
suggestion-94e0dc83dfad,Fred’s,NY,Fredonia,"Fredonia, NY",Suggested location only; branch and operating status unverified,suggestion,,[1297],
suggestion-85be1a25e316,Go Burger,NY,Long Island,"Long Island, NY",Suggested location only; branch and operating status unverified,suggestion,,[1311],
suggestion-63c7693d7f08,Guzzos Hot Spot,NY,Buffalo,"Buffalo, NY",Suggested location only; branch and operating status unverified,suggestion,,[1312],
suggestion-a3c978f9d459,Jay Hunters,NY,Schenectady,"Schenectady, NY",Suggested location only; branch and operating status unverified,suggestion,,[1313],
suggestion-eaea4021faa1,Jeremiah's Tavern,NY,Rochester,"Rochester, NY",Suggested location only; branch and operating status unverified,suggestion,,"[1314,1315,1316]",
suggestion-4633ded17566,Judis Lounge,NY,Niagara Falls,"Niagara Falls, NY",Suggested location only; branch and operating status unverified,suggestion,,[1317],
suggestion-f0f61a817b4f,Kelley’s Korner,NY,Buffalo,"Buffalo, NY",Suggested location only; branch and operating status unverified,suggestion,,[1318],
suggestion-bf4b67e40c9a,Kelly's Corner,NY,,NY,Suggested location only; branch and operating status unverified,suggestion,,[1319],
suggestion-828e1b21b686,Laura Willis,NY,Buffalo,"Buffalo, NY",Suggested location only; branch and operating status unverified,suggestion,,[1326],
suggestion-5423fe7311fc,Limp Lizard,NY,Syracuse,"Syracuse, NY",Suggested location only; branch and operating status unverified,suggestion,,[1327],
suggestion-cd01659be3cc,MacGregor's,NY,Rochester,"Rochester, NY",Suggested location only; branch and operating status unverified,suggestion,,[1329],
suggestion-2cdd1cd8e80d,Mad for Chicken,NY,,NY,Suggested location only; branch and operating status unverified,suggestion,,[1330],
suggestion-bb06b2db1b33,Magic Mike's Pizzeria,NY,Hogansburg,"Hogansburg, NY",Suggested location only; branch and operating status unverified,suggestion,,[1331],
suggestion-f049ae45752d,Mammoser’s Tavern,NY,Hamburg,"Hamburg, NY",Suggested location only; branch and operating status unverified,suggestion,,"[1333,1334]",
suggestion-e4f6654ee3cb,Mamosers,NY,Hamburg,"Hamburg, NY",Suggested location only; branch and operating status unverified,suggestion,,[1335],
suggestion-2350b1d9be15,McGillicuddy's,NY,New Paltz,"New Paltz, NY",Suggested location only; branch and operating status unverified,suggestion,,[1336],
suggestion-5ac7316d3c21,Monopole,NY,Plattsburgh,"Plattsburgh, NY",Suggested location only; branch and operating status unverified,suggestion,,[1337],
suggestion-963ce13d1e5a,Mumbo Wings n Things,NY,Buffalo,"Buffalo, NY",Suggested location only; branch and operating status unverified,suggestion,,[1338],
suggestion-10ca5c273fbb,National Buffalo Wing Festival,NY,Buffalo,"Buffalo, NY",Suggested location only; branch and operating status unverified,suggestion,,[1339],
suggestion-1bb73abbdcf6,Nine Eleven Tavern,NY,Buffalo,"Buffalo, NY",Suggested location only; branch and operating status unverified,suggestion,,[1340],
suggestion-909713330b08,Ninos Pizza,NY,West Seneca,"West Seneca, NY",Suggested location only; branch and operating status unverified,suggestion,,[1341],
suggestion-0d94ae4182ad,Nips,NY,Binghamton,"Binghamton, NY",Suggested location only; branch and operating status unverified,suggestion,,[1342],
suggestion-56499b353071,Oip ( local chain),NY,Syracuse,"Syracuse, NY",Suggested location only; branch and operating status unverified,suggestion,,[1343],
suggestion-6cf309c5fdd6,One Eyed Jack’s,NY,Buffalo,"Buffalo, NY",Suggested location only; branch and operating status unverified,suggestion,,[1347],
suggestion-c32e2ef80869,Orchard Tavern,NY,Albany,"Albany, NY",Suggested location only; branch and operating status unverified,suggestion,,[1348],
suggestion-ab695d00b78f,Pete's Tavern,NY,Bronxville,"Bronxville, NY",Suggested location only; branch and operating status unverified,suggestion,,[1349],
suggestion-b9ef2c8f240d,Pete's Tavern,NY,,NY,Suggested location only; branch and operating status unverified,suggestion,,[1350],
suggestion-e2d4e713c447,Rusty Nail grill and tavern,NY,Clifton Park,"Clifton Park, NY",Suggested location only; branch and operating status unverified,suggestion,,[1351],
suggestion-90d79673dc05,Salvatore's Pizza,NY,Rochester,"Rochester, NY",Suggested location only; branch and operating status unverified,suggestion,,[1352],
suggestion-f34de6b06fcf,Shanahan’s,NY,Kings Park,"Kings Park, NY",Suggested location only; branch and operating status unverified,suggestion,,[1353],
suggestion-713d083afbfe,Shanahan’s Bar and Grill,NY,King's Park,"King's Park, NY",Suggested location only; branch and operating status unverified,suggestion,,[1354],
suggestion-113bbfb12a64,Sherwood's,NY,Larchmont,"Larchmont, NY",Suggested location only; branch and operating status unverified,suggestion,,[1355],
suggestion-35ce5a0844ac,Shifty's,NY,Syracuse,"Syracuse, NY",Suggested location only; branch and operating status unverified,suggestion,,[1356],
suggestion-ef89cc73dc5c,Smoke Signals,NY,Lake Placid,"Lake Placid, NY",Suggested location only; branch and operating status unverified,suggestion,,[1357],
suggestion-a2edd5f781b1,Smokehouse,NY,New rochelle,"New rochelle, NY",Suggested location only; branch and operating status unverified,suggestion,,[1358],
suggestion-8cf174e12a85,Smokehouse Tailgate Grill,NY,New Rochelle,"New Rochelle, NY",Suggested location only; branch and operating status unverified,suggestion,,"[1359,1360]",
suggestion-cb48535c153c,Stooges,NY,Lockport,"Lockport, NY",Suggested location only; branch and operating status unverified,suggestion,,[1361],
suggestion-b4e49c50dc57,The Bar at Main and Hamlin,NY,East Aurora,"East Aurora, NY",Suggested location only; branch and operating status unverified,suggestion,,[1362],
suggestion-4011d4ed279a,The Black River Ale House,NY,Rome,"Rome, NY",Suggested location only; branch and operating status unverified,suggestion,,[1363],
suggestion-f70b9eae8b66,The Blarney Stone,NY,Syracuse,"Syracuse, NY",Suggested location only; branch and operating status unverified,suggestion,,[1364],
suggestion-7b461c70e680,The Cherry Lounge,NY,Jamestown,"Jamestown, NY",Suggested location only; branch and operating status unverified,suggestion,,[1365],
suggestion-384fa56d1668,The Kettle Black,NY,Bay Ridge,"Bay Ridge, NY",Suggested location only; branch and operating status unverified,suggestion,,[1366],
suggestion-46dafcc60a46,The Old Union Hotel,NY,Binghamton,"Binghamton, NY",Suggested location only; branch and operating status unverified,suggestion,,[1367],
suggestion-f37b6929492f,The Rusty Nail,NY,Clifton Park,"Clifton Park, NY",Suggested location only; branch and operating status unverified,suggestion,,"[1368,1369]",
suggestion-f55480a3a233,The Swamp,NY,Jamestown,"Jamestown, NY",Suggested location only; branch and operating status unverified,suggestion,,[1370],
suggestion-2e9d6e677202,Tully’s Good Times,NY,Rochester / Syracuse / Buffalo,"Rochester / Syracuse / Buffalo, NY",Suggested location only; branch and operating status unverified,suggestion,,[1371],
suggestion-9f429cb33dae,Tully’s Wings,NY,Buffalo,"Buffalo, NY",Suggested location only; branch and operating status unverified,suggestion,,[1372],
suggestion-a162380ab9aa,Union Pub,NY,Buffalo,"Buffalo, NY",Suggested location only; branch and operating status unverified,suggestion,,[1373],
suggestion-f9eb54aac6cf,Victor Village Inn,NY,Victor,"Victor, NY",Suggested location only; branch and operating status unverified,suggestion,,[1374],
suggestion-de8569958853,Wing Kings,NY,Buffalo,"Buffalo, NY",Suggested location only; branch and operating status unverified,suggestion,,[1378],
suggestion-eedca3a5c542,Wing Nutz,NY,Buffalo,"Buffalo, NY",Suggested location only; branch and operating status unverified,suggestion,,"[1379,1380,1381,1382,1383,1384]",
suggestion-2665b15743dd,mad sauces food truck,NY,Buffalo,"Buffalo, NY",Suggested location only; branch and operating status unverified,suggestion,,[1385],
suggestion-d261f9f3f117,306 lounge,OH,Mentor,"Mentor, OH",Suggested location only; branch and operating status unverified,suggestion,,[1386],
suggestion-ea461bc277ae,571 Bar and Grill,OH,New Carlisle,"New Carlisle, OH",Suggested location only; branch and operating status unverified,suggestion,,[1387],
suggestion-564a00645926,Baby Ds chicken shack,OH,Euclid,"Euclid, OH",Suggested location only; branch and operating status unverified,suggestion,,[1388],
suggestion-d004d6fcf4a9,Berds Bar & Grill,OH,Fairfield,"Fairfield, OH",Suggested location only; branch and operating status unverified,suggestion,,[1389],
suggestion-2f5022b31a82,Bob’s Pizza,OH,Uniontown/Greentown,"Uniontown/Greentown, OH",Suggested location only; branch and operating status unverified,suggestion,,[1390],
suggestion-71c344dc76d3,Brass Pelican,OH,Sandusky,"Sandusky, OH",Suggested location only; branch and operating status unverified,suggestion,,[1391],
suggestion-7ce92d63fda7,Brew Dog,OH,Cleveland,"Cleveland, OH",Suggested location only; branch and operating status unverified,suggestion,,[1392],
suggestion-6ce6ce7979b7,Brew Pub,OH,Portsmouth,"Portsmouth, OH",Suggested location only; branch and operating status unverified,suggestion,,[1393],
suggestion-d2ae6330eb6f,Brewdog,OH,Columbus,"Columbus, OH",Suggested location only; branch and operating status unverified,suggestion,,"[1394,1395]",
suggestion-c33e69f40f6d,Bunker's,OH,Dayton,"Dayton, OH",Suggested location only; branch and operating status unverified,suggestion,,[1396],
suggestion-101e88c5c3d1,Bunker's Sports Bar and Grill,OH,Vadalia,"Vadalia, OH",Suggested location only; branch and operating status unverified,suggestion,,[1397],
suggestion-aa3b7b55b5ee,Chikin on Bethel Road,OH,Columbus,"Columbus, OH",Suggested location only; branch and operating status unverified,suggestion,,[1398],
suggestion-39a772124ed1,CM Chicken,OH,Columbus,"Columbus, OH",Suggested location only; branch and operating status unverified,suggestion,,[1399],
suggestion-258090d97220,Crossroads Bar and Grill,OH,Cincinnatti,"Cincinnatti, OH",Suggested location only; branch and operating status unverified,suggestion,,[1400],
suggestion-b22bb6324cc7,Dead Low Brewing,OH,Cincinnati,"Cincinnati, OH",Suggested location only; branch and operating status unverified,suggestion,,[1401],
suggestion-3b53376b50f0,Dilly Deli,OH,Cincinnatti,"Cincinnatti, OH",Suggested location only; branch and operating status unverified,suggestion,,[1402],
suggestion-74e5f3aefc83,Dina's,OH,Cleveland,"Cleveland, OH",Suggested location only; branch and operating status unverified,suggestion,,[1403],
suggestion-118992611eb5,Elsa's Kettering Sports Grill,OH,,OH,Suggested location only; branch and operating status unverified,suggestion,,[1404],
suggestion-f8f60fec9b08,Fatheads Brewery,OH,Middleburg Heights,"Middleburg Heights, OH",Suggested location only; branch and operating status unverified,suggestion,,[1405],
suggestion-13369b250729,Fricker's Wings,OH,,OH,Suggested location only; branch and operating status unverified,suggestion,,[1406],
suggestion-3e6f3c1c2721,Frickers,OH,Toledo,"Toledo, OH",Suggested location only; branch and operating status unverified,suggestion,,[1407],
suggestion-0e4181667db6,Frickers,OH,,OH,Suggested location only; branch and operating status unverified,suggestion,,[1408],
suggestion-b5dc0d909194,Gallos Taproom,OH,,OH,Suggested location only; branch and operating status unverified,suggestion,,[1409],
suggestion-d36e3955bb03,Gallos Tavern,OH,,OH,Suggested location only; branch and operating status unverified,suggestion,,[1410],
suggestion-1b63504b65a2,Good Company,OH,Cleveland / Akron,"Cleveland / Akron, OH",Suggested location only; branch and operating status unverified,suggestion,,[1411],
suggestion-142f53aeda83,Hillsboro Grill and Tavern,OH,Mingo Junction,"Mingo Junction, OH",Suggested location only; branch and operating status unverified,suggestion,,[1412],
suggestion-5e38f5badd3c,Hinders,OH,Tipp City,"Tipp City, OH",Suggested location only; branch and operating status unverified,suggestion,,[1413],
suggestion-f09077216699,Hoggys BBQ,OH,Columbus,"Columbus, OH",Suggested location only; branch and operating status unverified,suggestion,,[1414],
suggestion-d1ca19632bf1,IDO,OH,Akron,"Akron, OH",Suggested location only; branch and operating status unverified,suggestion,,[1415],
suggestion-8713ee883137,JT's Pizza and Wings,OH,Columbus,"Columbus, OH",Suggested location only; branch and operating status unverified,suggestion,,[1416],
suggestion-0cb98dd0d7f5,JT's Pizza and Wings,OH,,OH,Suggested location only; branch and operating status unverified,suggestion,,[1417],
suggestion-f1a73f2f32eb,Knockback Knats,OH,Cincinnati,"Cincinnati, OH",Suggested location only; branch and operating status unverified,suggestion,,[1420],
suggestion-21bbcd86b3b5,Laughs Bar,OH,Germantown,"Germantown, OH",Suggested location only; branch and operating status unverified,suggestion,,[1427],
suggestion-38408b79c9de,Linders,OH,Ashland,"Ashland, OH",Suggested location only; branch and operating status unverified,suggestion,,[1428],
suggestion-4816de2663ad,Main Street Tavern,OH,Tiffin,"Tiffin, OH",Suggested location only; branch and operating status unverified,suggestion,,[1429],
suggestion-1eff016c2733,Melt Bar and Grill,OH,Lakewood,"Lakewood, OH",Suggested location only; branch and operating status unverified,suggestion,,[1430],
suggestion-26fd60cfe390,Midwest Best BBQ,OH,Milford,"Milford, OH",Suggested location only; branch and operating status unverified,suggestion,,[1431],
suggestion-82f9027b1298,Midwest Best BBQ and Creamery,OH,Loveland (Cincinnati),"Loveland (Cincinnati), OH",Suggested location only; branch and operating status unverified,suggestion,,[1432],
suggestion-efad8be51202,Mike's Place,OH,Kent,"Kent, OH",Suggested location only; branch and operating status unverified,suggestion,,[1433],
suggestion-ba147dc2de68,Mr. Lee's,OH,Perry,"Perry, OH",Suggested location only; branch and operating status unverified,suggestion,,"[1434,1435]",
suggestion-87f96c1457a8,Mt Lookout Tavern,OH,Cincinnatti,"Cincinnatti, OH",Suggested location only; branch and operating status unverified,suggestion,,[1436],
suggestion-bbd51caa09d9,Nick's,OH,Xenia,"Xenia, OH",Suggested location only; branch and operating status unverified,suggestion,,[1437],
suggestion-bd42fa7c6375,Oak Tavern,OH,Cincinnati,"Cincinnati, OH",Suggested location only; branch and operating status unverified,suggestion,,[1438],
suggestion-f67df957e163,Oak Tavern,OH,Cincinnatti,"Cincinnatti, OH",Suggested location only; branch and operating status unverified,suggestion,,[1439],
suggestion-66a684a5fd0b,Old Bill Bailey's,OH,Lancaster,"Lancaster, OH",Suggested location only; branch and operating status unverified,suggestion,,[1440],
suggestion-6f67618a6112,Pasttimes Pub & Grill,OH,Columbus,"Columbus, OH",Suggested location only; branch and operating status unverified,suggestion,,[1441],
suggestion-72306ff7db99,Ray's Place,OH,Kent,"Kent, OH",Suggested location only; branch and operating status unverified,suggestion,,[1442],
suggestion-2c5c846231a0,Roadhouse Wings,OH,Columbus,"Columbus, OH",Suggested location only; branch and operating status unverified,suggestion,,"[1443,1444]",
suggestion-9a78d19d6b6f,Roadhouse Wings,OH,Hillard,"Hillard, OH",Suggested location only; branch and operating status unverified,suggestion,,[1445],
suggestion-9862eac85e42,Roadhouse Wings & Grille,OH,Columbus,"Columbus, OH",Suggested location only; branch and operating status unverified,suggestion,,[1446],
suggestion-d79ad83d994d,Roadhouse Wings and Grille,OH,Hilliard,"Hilliard, OH",Suggested location only; branch and operating status unverified,suggestion,,[1447],
suggestion-7aef16a4aab8,Rooster’s Wings,OH,,OH,Suggested location only; branch and operating status unverified,suggestion,,"[1454,1455]",
suggestion-f03b644481fb,Roosters Wings,OH,Columbus and Cincinnati,"Columbus and Cincinnati, OH",Suggested location only; branch and operating status unverified,suggestion,,[1469],
suggestion-a91970d54906,Rush Inn,OH,Cleveland,"Cleveland, OH",Suggested location only; branch and operating status unverified,suggestion,,[1470],
suggestion-3100463a0da6,Rush Inn,OH,Lakewood,"Lakewood, OH",Suggested location only; branch and operating status unverified,suggestion,,[1471],
suggestion-dd2529b66e1a,Shakers Public House,OH,Columbus,"Columbus, OH",Suggested location only; branch and operating status unverified,suggestion,,[1472],
suggestion-413a4ad3673c,Taver at the creek,OH,Galena,"Galena, OH",Suggested location only; branch and operating status unverified,suggestion,,[1473],
suggestion-0d30fa6ebfa7,The Brass Pelican,OH,Sandusky,"Sandusky, OH",Suggested location only; branch and operating status unverified,suggestion,,[1474],
suggestion-d31c84c335c2,The Oak Tavern,OH,Oakley,"Oakley, OH",Suggested location only; branch and operating status unverified,suggestion,,[1475],
suggestion-36f16c774342,The Pony,OH,Cincinnatti,"Cincinnatti, OH",Suggested location only; branch and operating status unverified,suggestion,,[1476],
suggestion-1554405beff2,The Portsmouth Brewing Company,OH,Portsmouth,"Portsmouth, OH",Suggested location only; branch and operating status unverified,suggestion,,[1477],
suggestion-abbe9ab1bcce,The Rush Inn,OH,Lakewood,"Lakewood, OH",Suggested location only; branch and operating status unverified,suggestion,,[1478],
suggestion-65114ab073eb,The Townhouse,OH,Mingo Junction,"Mingo Junction, OH",Suggested location only; branch and operating status unverified,suggestion,,[1479],
suggestion-f55b5de4eced,Tucker's Tavern,OH,Toronto,"Toronto, OH",Suggested location only; branch and operating status unverified,suggestion,,[1480],
suggestion-84924629a65f,Wild Mike's,OH,Cincinnati,"Cincinnati, OH",Suggested location only; branch and operating status unverified,suggestion,,"[1481,1484]",
suggestion-4982ca098b9f,Wild Mike's,OH,Cincinnatti,"Cincinnatti, OH",Suggested location only; branch and operating status unverified,suggestion,,"[1482,1483,1485]",
suggestion-582441395555,Wingers,OH,Sidney,"Sidney, OH",Suggested location only; branch and operating status unverified,suggestion,,[1486],
suggestion-f31549978412,Wingers,OH,,OH,Suggested location only; branch and operating status unverified,suggestion,,[1487],
suggestion-4c8ddbcd46ba,Wings on brookwood,OH,Hamilton,"Hamilton, OH",Suggested location only; branch and operating status unverified,suggestion,,[1488],
suggestion-8fbe6039b61e,Winking Lizard,OH,Lakewood,"Lakewood, OH",Suggested location only; branch and operating status unverified,suggestion,,[1489],
suggestion-190ca2032dfc,Winking Lizard,OH,Westerville,"Westerville, OH",Suggested location only; branch and operating status unverified,suggestion,,[1490],
suggestion-f9f430399af2,Winking Lizard,OH,,OH,Suggested location only; branch and operating status unverified,suggestion,,"[1491,1492,1493]",
suggestion-7557ad6b55d1,Winking Lizard Tavern,OH,Lakewood,"Lakewood, OH",Suggested location only; branch and operating status unverified,suggestion,,[1494],
suggestion-04b4297b0549,ZZ Top,OH,Avon,"Avon, OH",Suggested location only; branch and operating status unverified,suggestion,,[1495],
suggestion-0fbe1510262b,3 Tequilas,OK,,OK,Suggested location only; branch and operating status unverified,suggestion,,[1496],
suggestion-cd59a7ebecc3,Chef Dees Creation,OK,Moore,"Moore, OK",Suggested location only; branch and operating status unverified,suggestion,,[1497],
suggestion-efc6a110c907,Chic n Beer,OK,,OK,Suggested location only; branch and operating status unverified,suggestion,,[1498],
suggestion-a5c8075acfdb,Chick n Beer,OK,OKC,"OKC, OK",Suggested location only; branch and operating status unverified,suggestion,,[1499],
suggestion-13a245de069d,Chicken Shack,OK,Arcadia,"Arcadia, OK",Suggested location only; branch and operating status unverified,suggestion,,[1500],
suggestion-1133af650165,Eddie's,OK,Edmond,"Edmond, OK",Suggested location only; branch and operating status unverified,suggestion,,"[1501,1502]",
suggestion-e473bd04780a,Edie's Grill,OK,,OK,Suggested location only; branch and operating status unverified,suggestion,,[1503],
suggestion-3d56afeec96a,Fat Guys Burgers,OK,Tulsa,"Tulsa, OK",Suggested location only; branch and operating status unverified,suggestion,,[1504],
suggestion-05928440c7a7,Goro,OK,Oklahoma City,"Oklahoma City, OK",Suggested location only; branch and operating status unverified,suggestion,,[1505],
suggestion-7660782fed3b,J Farley's Pub,OK,Claremore,"Claremore, OK",Suggested location only; branch and operating status unverified,suggestion,,[1506],
suggestion-fa736db7733c,JReals Kitchen,OK,Oklahoma City,"Oklahoma City, OK",Suggested location only; branch and operating status unverified,suggestion,,[1507],
suggestion-073f8dad7248,Lone Wolf,OK,Tulsa,"Tulsa, OK",Suggested location only; branch and operating status unverified,suggestion,,[1508],
suggestion-0ae47222df3a,Louie's Grill and Bar,OK,,OK,Suggested location only; branch and operating status unverified,suggestion,,[1509],
suggestion-c57b86c4a141,Ma Der Lao,OK,,OK,Suggested location only; branch and operating status unverified,suggestion,,[1510],
suggestion-54e5c6db5755,Mack Wings,OK,Tulsa,"Tulsa, OK",Suggested location only; branch and operating status unverified,suggestion,,[1511],
suggestion-23ccda24f1ac,Mack's Wings,OK,Tulsa,"Tulsa, OK",Suggested location only; branch and operating status unverified,suggestion,,"[1512,1513]",
suggestion-ac831431dd06,Nat's Wings,OK,,OK,Suggested location only; branch and operating status unverified,suggestion,,[1514],
suggestion-a51318bb7d0b,Penny Hill Deli,OK,Norman,"Norman, OK",Suggested location only; branch and operating status unverified,suggestion,,[1515],
suggestion-d4653c34aa49,Penny Hill Deli Bar & Char,OK,Norman,"Norman, OK",Suggested location only; branch and operating status unverified,suggestion,,[1516],
suggestion-c3abf2ac6ec3,Roazay's Wings,OK,,OK,Suggested location only; branch and operating status unverified,suggestion,,[1517],
suggestion-8acd6498c070,Tez Wings,OK,,OK,Suggested location only; branch and operating status unverified,suggestion,,"[1518,1519]",
suggestion-c1be4da64dff,Wing It,OK,Norman,"Norman, OK",Suggested location only; branch and operating status unverified,suggestion,,[1520],
suggestion-1800f13e726b,Wings To Go,OK,Owasso,"Owasso, OK",Suggested location only; branch and operating status unverified,suggestion,,[1523],
suggestion-7d2f7233bce6,Arena Sports Bar,OR,Independence,"Independence, OR",Suggested location only; branch and operating status unverified,suggestion,,[1524],
suggestion-7862edb4c094,Chicken Bonz,OR,Bend,"Bend, OR",Suggested location only; branch and operating status unverified,suggestion,,[1525],
suggestion-2ed6e27a217b,Chicken Bonz,OR,Springfield,"Springfield, OR",Suggested location only; branch and operating status unverified,suggestion,,[1526],
suggestion-6f6465807152,Chimcking,OR,Portland,"Portland, OR",Suggested location only; branch and operating status unverified,suggestion,,[1527],
suggestion-08c0344cb13d,Chimcking Chicken,OR,Portland,"Portland, OR",Suggested location only; branch and operating status unverified,suggestion,,[1528],
suggestion-b54bafcf9f0d,Gils,OR,Ashland,"Ashland, OR",Suggested location only; branch and operating status unverified,suggestion,,[1542],
suggestion-2660bc505b34,Hot Mama's,OR,Eugene,"Eugene, OR",Suggested location only; branch and operating status unverified,suggestion,,[1543],
suggestion-495e003d6348,LoveVerona Pizza & Pasta,OR,Portland,"Portland, OR",Suggested location only; branch and operating status unverified,suggestion,,[1544],
suggestion-87adc74d6ab4,Bad Boys Bistro,PA,Bedford,"Bedford, PA",Suggested location only; branch and operating status unverified,suggestion,,[1545],
suggestion-8adcaa438ddb,Beanies,PA,Mt. Joy,"Mt. Joy, PA",Suggested location only; branch and operating status unverified,suggestion,,[1546],
suggestion-874ee8b04a77,Big Shot Bob's,PA,Avalon,"Avalon, PA",Suggested location only; branch and operating status unverified,suggestion,,[1547],
suggestion-dc201c5130d5,Big Shot Bob's,PA,Bellevue,"Bellevue, PA",Suggested location only; branch and operating status unverified,suggestion,,[1548],
suggestion-b6a25af58f54,Big Shot Bob's,PA,Pittsburg,"Pittsburg, PA",Suggested location only; branch and operating status unverified,suggestion,,[1549],
suggestion-0c570469dfe5,Big Shot Bob’s,PA,Pittsburgh,"Pittsburgh, PA",Suggested location only; branch and operating status unverified,suggestion,,"[1550,1551]",
suggestion-740bac65ed52,Birmingham Bridge Tavern,PA,Pittsburg,"Pittsburg, PA",Suggested location only; branch and operating status unverified,suggestion,,[1552],
suggestion-8d8d1afe5713,Bootlegger’s Bar and Grill,PA,Uniontown,"Uniontown, PA",Suggested location only; branch and operating status unverified,suggestion,,[1553],
suggestion-62626421d520,Burghs Pizza and Wings,PA,Bridgeville,"Bridgeville, PA",Suggested location only; branch and operating status unverified,suggestion,,[1554],
suggestion-6a79d2daea44,Buttonwood Grill,PA,New Hope,"New Hope, PA",Suggested location only; branch and operating status unverified,suggestion,,[1555],
suggestion-4e09e8f6b3dd,Cafe Soho,PA,Philadelphia,"Philadelphia, PA",Suggested location only; branch and operating status unverified,suggestion,,[1556],
suggestion-a2f817b27377,Cafe Soho,PA,,PA,Suggested location only; branch and operating status unverified,suggestion,,[1557],
suggestion-4d1abc7aee8f,Carriage Inn,PA,Pittsburgh,"Pittsburgh, PA",Suggested location only; branch and operating status unverified,suggestion,,[1558],
suggestion-9e94f6f16fb2,Carsonville Hotel,PA,,PA,Suggested location only; branch and operating status unverified,suggestion,,[1559],
suggestion-9997f8e2ea90,Center Street Grill,PA,Enola,"Enola, PA",Suggested location only; branch and operating status unverified,suggestion,,[1560],
suggestion-1eb74d15e4e1,Chick'n Bubbly,PA,Pittsburgh,"Pittsburgh, PA",Suggested location only; branch and operating status unverified,suggestion,,[1561],
suggestion-e031ab9676ea,Chipper's Tavern,PA,Erie,"Erie, PA",Suggested location only; branch and operating status unverified,suggestion,,[1562],
suggestion-1244eea758f0,Creekside,PA,Waterford,"Waterford, PA",Suggested location only; branch and operating status unverified,suggestion,,[1563],
suggestion-788ba5fabfb2,Deux Wings,PA,Easton,"Easton, PA",Suggested location only; branch and operating status unverified,suggestion,,[1564],
suggestion-4feb9c329a40,Dew Drop Inn,PA,Bedford,"Bedford, PA",Suggested location only; branch and operating status unverified,suggestion,,[1565],
suggestion-a67e527aad72,Dino's,PA,Latrobe,"Latrobe, PA",Suggested location only; branch and operating status unverified,suggestion,,"[1566,1567,1568]",
suggestion-a42df610483e,Dyer's Deli,PA,Parkesburg,"Parkesburg, PA",Suggested location only; branch and operating status unverified,suggestion,,[1569],
suggestion-922f5b500322,Dyers Deli,PA,Parkersburg,"Parkersburg, PA",Suggested location only; branch and operating status unverified,suggestion,,[1570],
suggestion-f5a89f2847e0,Luckyman's,PA,Erie,"Erie, PA",Suggested location only; branch and operating status unverified,suggestion,,[1571],
suggestion-719092a7a545,Mama Mia's Pizza,PA,Erie,"Erie, PA",Suggested location only; branch and operating status unverified,suggestion,,[1572],
suggestion-e38754cb1770,Meiserville Inn,PA,Mt Pleasant Mills,"Mt Pleasant Mills, PA",Suggested location only; branch and operating status unverified,suggestion,,[1573],
suggestion-d7b1372a60eb,Monday’s Union,PA,Latrobe,"Latrobe, PA",Suggested location only; branch and operating status unverified,suggestion,,[1574],
suggestion-5be07ba384e4,Mondays Union Restaurant,PA,Latrobe,"Latrobe, PA",Suggested location only; branch and operating status unverified,suggestion,,[1575],
suggestion-078f5289c9ad,Pizza Time Saloon,PA,Conshohocken,"Conshohocken, PA",Suggested location only; branch and operating status unverified,suggestion,,[1579],
suggestion-3eed0acaef12,PJ Whelihans,PA,Philadelphia,"Philadelphia, PA",Suggested location only; branch and operating status unverified,suggestion,,[1580],
suggestion-f059f09c7bb3,Primanti Bros,PA,Hershey,"Hershey, PA",Suggested location only; branch and operating status unverified,suggestion,,[1581],
suggestion-b78f53a04c76,"Q&M's Fish, Chik & Ribs",PA,Pittsburgh,"Pittsburgh, PA",Suggested location only; branch and operating status unverified,suggestion,,[1582],
suggestion-bca099b05571,R Bar,PA,Nanticoke,"Nanticoke, PA",Suggested location only; branch and operating status unverified,suggestion,,[1583],
suggestion-51291df3ee90,Rib Rack,PA,Philadelphia,"Philadelphia, PA",Suggested location only; branch and operating status unverified,suggestion,,[1584],
suggestion-62e6e46c1c1f,Sidelines,PA,Pittsburgh,"Pittsburgh, PA",Suggested location only; branch and operating status unverified,suggestion,,[1585],
suggestion-60566e27d6a9,Starlite Lounge and Restaurant,PA,Mahaffey,"Mahaffey, PA",Suggested location only; branch and operating status unverified,suggestion,,[1586],
suggestion-ee68f3b21b84,The Inn at Swarthmore,PA,,PA,Suggested location only; branch and operating status unverified,suggestion,,[1587],
suggestion-2fb17c4cb532,The Knickerbocker,PA,Altoona,"Altoona, PA",Suggested location only; branch and operating status unverified,suggestion,,[1588],
suggestion-44d948899670,The Mountaineer,PA,South Williamsport,"South Williamsport, PA",Suggested location only; branch and operating status unverified,suggestion,,[1589],
suggestion-777b9b12c9a6,Touchdown Wings,PA,Philadelphia,"Philadelphia, PA",Suggested location only; branch and operating status unverified,suggestion,,[1590],
suggestion-685c97c85dc6,Vincent's Pizza,PA,Rockledge,"Rockledge, PA",Suggested location only; branch and operating status unverified,suggestion,,[1591],
suggestion-b9dea7c3f7bd,White Buffalo,PA,Erie,"Erie, PA",Suggested location only; branch and operating status unverified,suggestion,,[1592],
suggestion-4c0bc745fc30,Windsors Inn,PA,Jermyn,"Jermyn, PA",Suggested location only; branch and operating status unverified,suggestion,,[1593],
suggestion-a780101c4c02,Wings Suds n Spuds,PA,Moon Township,"Moon Township, PA",Suggested location only; branch and operating status unverified,suggestion,,[1594],
suggestion-6d15c970030b,Wings Suds n Spuds,PA,Pittsburgh,"Pittsburgh, PA",Suggested location only; branch and operating status unverified,suggestion,,"[1595,1596]",
suggestion-88fed338e06c,Greater Northern BBQ,RI,Providence,"Providence, RI",Suggested location only; branch and operating status unverified,suggestion,,[1597],
suggestion-b45e1d92c06e,Ivy Tavern,RI,Providence,"Providence, RI",Suggested location only; branch and operating status unverified,suggestion,,[1598],
suggestion-2d79d499fc10,Backstreets Bar and Grill,SC,Clemson,"Clemson, SC",Suggested location only; branch and operating status unverified,suggestion,,[1599],
suggestion-907617930ea5,Carolina Ale House,SC,,SC,Suggested location only; branch and operating status unverified,suggestion,,[1600],
suggestion-ed3f6f451ce5,Carolina Tavern,SC,,SC,Suggested location only; branch and operating status unverified,suggestion,,[1601],
suggestion-e0ffd2b978e0,Hamburger Joe's,SC,,SC,Suggested location only; branch and operating status unverified,suggestion,,[1602],
suggestion-34043ebb048c,Handley's,SC,,SC,Suggested location only; branch and operating status unverified,suggestion,,[1603],
suggestion-8a6aac361049,Home Team BBQ,SC,Charleston,"Charleston, SC",Suggested location only; branch and operating status unverified,suggestion,,[1604],
suggestion-43116b4fa5ff,Home Team BBQ,SC,,SC,Suggested location only; branch and operating status unverified,suggestion,,[1605],
suggestion-67b3ed70de5d,Kickin Chicken,SC,Charleston,"Charleston, SC",Suggested location only; branch and operating status unverified,suggestion,,[1606],
suggestion-6b2a175e0ca2,Kings Pizza,SC,Latta,"Latta, SC",Suggested location only; branch and operating status unverified,suggestion,,[1607],
suggestion-2f6943ace3a4,Leo's of Cheraw,SC,Cheraw,"Cheraw, SC",Suggested location only; branch and operating status unverified,suggestion,,[1608],
suggestion-11d91e8bf784,Magoo's,SC,Myrtle Beach,"Myrtle Beach, SC",Suggested location only; branch and operating status unverified,suggestion,,"[1611,1612]",
suggestion-4944bef34838,New Groove Brewery,SC,,SC,Suggested location only; branch and operating status unverified,suggestion,,[1613],
suggestion-47a0ed8a66da,Oscar's,SC,Summerville,"Summerville, SC",Suggested location only; branch and operating status unverified,suggestion,,[1614],
suggestion-c0e1f0bb99b0,Paisanos,SC,Charleston,"Charleston, SC",Suggested location only; branch and operating status unverified,suggestion,,[1615],
suggestion-7ac8e2f156ce,Peeble's Wings,SC,Columbia,"Columbia, SC",Suggested location only; branch and operating status unverified,suggestion,,[1616],
suggestion-fcb1dc98d098,Peebles,SC,Columbia,"Columbia, SC",Suggested location only; branch and operating status unverified,suggestion,,[1617],
suggestion-c36b186a89ea,Peebles,SC,,SC,Suggested location only; branch and operating status unverified,suggestion,,[1618],
suggestion-d8b186133309,Publick House,SC,Columbia,"Columbia, SC",Suggested location only; branch and operating status unverified,suggestion,,[1619],
suggestion-3fff352fefa1,Publick House,SC,,SC,Suggested location only; branch and operating status unverified,suggestion,,[1620],
suggestion-72dc4c338e9f,Sue's Wings,SC,Anderson,"Anderson, SC",Suggested location only; branch and operating status unverified,suggestion,,[1621],
suggestion-9cb3a9a4829a,Swig and Swing,SC,Ladson,"Ladson, SC",Suggested location only; branch and operating status unverified,suggestion,,[1622],
suggestion-4d65040b7b08,TD's Sports Bar,SC,Clemson,"Clemson, SC",Suggested location only; branch and operating status unverified,suggestion,,[1623],
suggestion-a4881ad7964a,The Publick House,SC,Columbia,"Columbia, SC",Suggested location only; branch and operating status unverified,suggestion,,[1624],
suggestion-444b6f92688f,Wing King,SC,Fort Mill,"Fort Mill, SC",Suggested location only; branch and operating status unverified,suggestion,,[1625],
suggestion-2974f8124dc7,Wing Kings,SC,Myrtle Beach,"Myrtle Beach, SC",Suggested location only; branch and operating status unverified,suggestion,,[1626],
suggestion-8a4d7d05ccde,Wings & Ale,SC,,SC,Suggested location only; branch and operating status unverified,suggestion,,[1627],
suggestion-c00a9f1c681d,Wings on the Run,SC,,SC,Suggested location only; branch and operating status unverified,suggestion,,[1628],
suggestion-d73cdafe037f,Alpine Inn,SD,Sioux Falls,"Sioux Falls, SD",Suggested location only; branch and operating status unverified,suggestion,,[1629],
suggestion-c318f912802a,Circus Bar,SD,Aberdeen,"Aberdeen, SD",Suggested location only; branch and operating status unverified,suggestion,,"[1630,1631,1632,1633]",
suggestion-6eaa9bb29cee,Club Eden,SD,,SD,Suggested location only; branch and operating status unverified,suggestion,,[1634],
suggestion-699626aa2b3a,Czeckers,SD,Yankton,"Yankton, SD",Suggested location only; branch and operating status unverified,suggestion,,[1635],
suggestion-d603b1c2f9ba,Good Time Jake's,SD,Pierre,"Pierre, SD",Suggested location only; branch and operating status unverified,suggestion,,[1636],
suggestion-cda4726d043b,Knuckle Saloon,SD,Sturgis,"Sturgis, SD",Suggested location only; branch and operating status unverified,suggestion,,[1637],
suggestion-92e49802ec90,Leo’s,SD,Vermillion,"Vermillion, SD",Suggested location only; branch and operating status unverified,suggestion,,[1638],
suggestion-1070f42de997,Murphy's Pub,SD,Rapid city,"Rapid city, SD",Suggested location only; branch and operating status unverified,suggestion,,"[1639,1640]",
suggestion-370451c32d54,Norby's,SD,Dell Rapids,"Dell Rapids, SD",Suggested location only; branch and operating status unverified,suggestion,,[1641],
suggestion-f86771a8ce4b,Old Lumber Company,SD,,SD,Suggested location only; branch and operating status unverified,suggestion,,[1642],
suggestion-8abcfbacb35f,Overtime,SD,Sioux Falls,"Sioux Falls, SD",Suggested location only; branch and operating status unverified,suggestion,,[1643],
suggestion-ea5ceaf1bed5,P's Pizza,SD,Sioux City,"Sioux City, SD",Suggested location only; branch and operating status unverified,suggestion,,[1644],
suggestion-08cbfcdbc13a,Slim Chickens,SD,Sioux Falls,"Sioux Falls, SD",Suggested location only; branch and operating status unverified,suggestion,,[1645],
suggestion-059943bec9b8,Sporty's,SD,Madison,"Madison, SD",Suggested location only; branch and operating status unverified,suggestion,,"[1646,1647]",
suggestion-5c31856f514d,TC Referee's,SD,Sioux Falls,"Sioux Falls, SD",Suggested location only; branch and operating status unverified,suggestion,,"[1648,1649]",
suggestion-ed4681cdf629,TC's Referee Sports Bar,SD,Sioux Falls,"Sioux Falls, SD",Suggested location only; branch and operating status unverified,suggestion,,[1650],
suggestion-35522bdd6e6e,Tinners,SD,Sioux Falls,"Sioux Falls, SD",Suggested location only; branch and operating status unverified,suggestion,,[1651],
suggestion-c788871dc81c,All-Star Wings,TN,Memphis,"Memphis, TN",Suggested location only; branch and operating status unverified,suggestion,,[1652],
suggestion-c0328ebefb85,Broadway Brewpub,TN,Nashville,"Nashville, TN",Suggested location only; branch and operating status unverified,suggestion,,[1653],
suggestion-3a28b1a0b430,Central BBQ,TN,Memphis,"Memphis, TN",Suggested location only; branch and operating status unverified,suggestion,,"[1655,1656,1657,1658,1659,1660]",
suggestion-f21823a8f2a5,Ching's,TN,Memphis,"Memphis, TN",Suggested location only; branch and operating status unverified,suggestion,,"[1661,1665,1666]",
suggestion-d1d3ef0ef2df,Ching's Wings,TN,Memphis,"Memphis, TN",Suggested location only; branch and operating status unverified,suggestion,,"[1664,1667]",
suggestion-27dbebeb323e,Crumpy's,TN,Memphis,"Memphis, TN",Suggested location only; branch and operating status unverified,suggestion,,"[1668,1669]",
suggestion-ae87576543f9,Edley's BBQ 12,TN,South Nashville,"South Nashville, TN",Suggested location only; branch and operating status unverified,suggestion,,[1670],
suggestion-7fc9c8376a10,Fleet Street Pub,TN,Nashville,"Nashville, TN",Suggested location only; branch and operating status unverified,suggestion,,[1671],
suggestion-8b9bd1a97bf0,Ghot Wingz,TN,Nashville,"Nashville, TN",Suggested location only; branch and operating status unverified,suggestion,,[1672],
suggestion-bba1db826244,Ghotz Wingz,TN,Nashville,"Nashville, TN",Suggested location only; branch and operating status unverified,suggestion,,[1673],
suggestion-43f69a6bcfea,Hattie B's Hot Chicken,TN,Nashville,"Nashville, TN",Suggested location only; branch and operating status unverified,suggestion,,[1674],
suggestion-456e1b28b558,Hooligan's Half Irish Pub,TN,Cookeville,"Cookeville, TN",Suggested location only; branch and operating status unverified,suggestion,,[1675],
suggestion-97de74436a3a,Martin's BBQ,TN,Nashville,"Nashville, TN",Suggested location only; branch and operating status unverified,suggestion,,[1676],
suggestion-15a825e88677,Moe's,TN,Memphis,"Memphis, TN",Suggested location only; branch and operating status unverified,suggestion,,[1677],
suggestion-b4f8689952ba,New Wing Order,TN,Memphis,"Memphis, TN",Suggested location only; branch and operating status unverified,suggestion,,[1678],
suggestion-cb505eb645bc,Sam's Place,TN,Nashville,"Nashville, TN",Suggested location only; branch and operating status unverified,suggestion,,[1679],
suggestion-f63421499af4,Sing It or Wing It,TN,Chattanooga,"Chattanooga, TN",Suggested location only; branch and operating status unverified,suggestion,,[1680],
suggestion-aea07dae7fd9,Streetcar Taps and Garden,TN,Nashville,"Nashville, TN",Suggested location only; branch and operating status unverified,suggestion,,[1681],
suggestion-278c4bad5fe4,Toots,TN,,TN,Suggested location only; branch and operating status unverified,suggestion,,[1682],
suggestion-6f0f87cdfcfb,Wing Factory,TN,Memphis,"Memphis, TN",Suggested location only; branch and operating status unverified,suggestion,,[1683],
suggestion-011f5fc0e339,Wing Guru,TN,Memphis,"Memphis, TN",Suggested location only; branch and operating status unverified,suggestion,,"[1684,1685]",
suggestion-608f5886214c,Attagirl,TX,San Antonio,"San Antonio, TX",Suggested location only; branch and operating status unverified,suggestion,,[1686],
suggestion-f2e5db8af192,Bayou City Wings,TX,Baytown,"Baytown, TX",Suggested location only; branch and operating status unverified,suggestion,,[1687],
suggestion-f1595d13b271,Bayou City Wings,TX,Houston,"Houston, TX",Suggested location only; branch and operating status unverified,suggestion,,[1688],
suggestion-507ec55c38ba,Big City Wings,TX,Houston,"Houston, TX",Suggested location only; branch and operating status unverified,suggestion,,"[1689,1690]",
suggestion-9a4bd2c0e401,Bluffalo Wings,TX,Corpus Christi,"Corpus Christi, TX",Suggested location only; branch and operating status unverified,suggestion,,[1691],
suggestion-809f8eb563b4,Bronco's Sports Bar,TX,Hurst,"Hurst, TX",Suggested location only; branch and operating status unverified,suggestion,,[1692],
suggestion-fe8b27868949,Buffalo Bros,TX,Ft Worth,"Ft Worth, TX",Suggested location only; branch and operating status unverified,suggestion,,"[1693,1694]",
suggestion-9ed69e51d2b4,Buffalo Brothers,TX,,TX,Suggested location only; branch and operating status unverified,suggestion,,[1695],
suggestion-d4c0bc4ece04,Buffalo Joe's,TX,Midland,"Midland, TX",Suggested location only; branch and operating status unverified,suggestion,,[1696],
suggestion-cfb23f44202d,Dream Wings,TX,Houston,"Houston, TX",Suggested location only; branch and operating status unverified,suggestion,,[1697],
suggestion-0d9b28d07b5d,Duffs,TX,Dallas,"Dallas, TX",Suggested location only; branch and operating status unverified,suggestion,,[1698],
suggestion-825d09e9291d,Duffs,TX,Southlake,"Southlake, TX",Suggested location only; branch and operating status unverified,suggestion,,"[1699,1700,1701]",
suggestion-325ba2c7eb8e,Fat Birds,TX,Midland,"Midland, TX",Suggested location only; branch and operating status unverified,suggestion,,[1702],
suggestion-5fb4ff279419,Indulge Kitchen,TX,Livingston,"Livingston, TX",Suggested location only; branch and operating status unverified,suggestion,,[1703],
suggestion-c68d75ce53f3,Jack and Grill,TX,,TX,Suggested location only; branch and operating status unverified,suggestion,,"[1704,1705]",
suggestion-8238378ba40c,Kokio Chicken,TX,Lubbock,"Lubbock, TX",Suggested location only; branch and operating status unverified,suggestion,,[1706],
suggestion-9b716b9d6fea,Mike's Chicken,TX,Dallas,"Dallas, TX",Suggested location only; branch and operating status unverified,suggestion,,[1707],
suggestion-f04a71586c9b,Plucker Wing Bar,TX,Dallas,"Dallas, TX",Suggested location only; branch and operating status unverified,suggestion,,[1708],
suggestion-8ca1b689b77d,Plucker's Wing Bar,TX,Houston,"Houston, TX",Suggested location only; branch and operating status unverified,suggestion,,"[1711,1712]",
suggestion-896daca33b70,Pluckers or wingstop,TX,Austin,"Austin, TX",Suggested location only; branch and operating status unverified,suggestion,,[1741],
suggestion-fd47d61b722f,Q,TX,,TX,Suggested location only; branch and operating status unverified,suggestion,,[1742],
suggestion-c2068d705bb1,Rocos Hot Wings,TX,,TX,Suggested location only; branch and operating status unverified,suggestion,,[1743],
suggestion-dbd357b93d2c,Spanky's Pizza,TX,Houston,"Houston, TX",Suggested location only; branch and operating status unverified,suggestion,,[1744],
suggestion-3390964ea54f,Spicy Boys,TX,Austin,"Austin, TX",Suggested location only; branch and operating status unverified,suggestion,,[1745],
suggestion-b6fb83b15248,Stefano's,TX,Harlingen,"Harlingen, TX",Suggested location only; branch and operating status unverified,suggestion,,[1746],
suggestion-1ede47868865,Tommy Want Wingy,TX,Austin,"Austin, TX",Suggested location only; branch and operating status unverified,suggestion,,"[1747,1748]",
suggestion-3a1811dd187b,Track One,TX,El Paso,"El Paso, TX",Suggested location only; branch and operating status unverified,suggestion,,"[1749,1750,1751,1752,1753]",
suggestion-9a2d763eff29,Track One,TX,,TX,Suggested location only; branch and operating status unverified,suggestion,,[1754],
suggestion-3492479e3ae9,Wayne's,TX,San Antonio,"San Antonio, TX",Suggested location only; branch and operating status unverified,suggestion,,[1755],
suggestion-5db59e28f346,Wing Daddy's Sauce House,TX,,TX,Suggested location only; branch and operating status unverified,suggestion,,"[1764,1765]",
suggestion-309095f421f2,Wing stop (original location),TX,Garland,"Garland, TX",Suggested location only; branch and operating status unverified,suggestion,,[1766],
suggestion-fbb7d9023c3a,Wings N More,TX,College Station,"College Station, TX",Suggested location only; branch and operating status unverified,suggestion,,"[1767,1768,1769]",
suggestion-ccbf54d2ac4f,Wings n More,TX,,TX,Suggested location only; branch and operating status unverified,suggestion,,[1770],
suggestion-47b24bd90ce3,Wings87,TX,Houston,"Houston, TX",Suggested location only; branch and operating status unverified,suggestion,,[1771],
suggestion-50eeaffe0eee,Wingzup,TX,Austin,"Austin, TX",Suggested location only; branch and operating status unverified,suggestion,,[1772],
suggestion-33f184384ff7,Bok Bok Korean Fried Chicken,UT,Provo,"Provo, UT",Suggested location only; branch and operating status unverified,suggestion,,[1773],
suggestion-8740d43be396,Bricks corner,UT,Salt Lake City,"Salt Lake City, UT",Suggested location only; branch and operating status unverified,suggestion,,[1774],
suggestion-17822270e9ce,Brickyard Bar,UT,Salt Lake City,"Salt Lake City, UT",Suggested location only; branch and operating status unverified,suggestion,,[1775],
suggestion-d28b091b28d9,Owl Bar,UT,Sundance,"Sundance, UT",Suggested location only; branch and operating status unverified,suggestion,,[1776],
suggestion-ddd6c7701959,Rocky Mountain Wing Shack,UT,American Fork,"American Fork, UT",Suggested location only; branch and operating status unverified,suggestion,,[1777],
suggestion-624271e0aefa,Rocky Mountain Wingshak,UT,American Fork,"American Fork, UT",Suggested location only; branch and operating status unverified,suggestion,,[1778],
suggestion-400ce8561b74,Scollviles,UT,Salt Lake City,"Salt Lake City, UT",Suggested location only; branch and operating status unverified,suggestion,,[1779],
suggestion-d41b4d74ed08,Skovilles,UT,Salt Lake City,"Salt Lake City, UT",Suggested location only; branch and operating status unverified,suggestion,,[1781],
suggestion-64039dd920fe,Slackwater,UT,Salt Lake City,"Salt Lake City, UT",Suggested location only; branch and operating status unverified,suggestion,,[1782],
suggestion-9c63ef67a325,Trolley Wing Company,UT,Salt Lake City,"Salt Lake City, UT",Suggested location only; branch and operating status unverified,suggestion,,[1788],
suggestion-47b0da0b6933,Wing coop,UT,Salt lake city,"Salt lake city, UT",Suggested location only; branch and operating status unverified,suggestion,,"[1789,1790,1791]",
suggestion-53d35e73524f,Wing Coop,UT,,UT,Suggested location only; branch and operating status unverified,suggestion,,[1792],
suggestion-4016e661b9d9,Wing Shack,UT,American Fork,"American Fork, UT",Suggested location only; branch and operating status unverified,suggestion,,[1793],
suggestion-c466b6e09280,Wingers,UT,West Valley,"West Valley, UT",Suggested location only; branch and operating status unverified,suggestion,,[1794],
suggestion-7505085a1a8d,Wingers,UT,Wingers,"Wingers, UT",Suggested location only; branch and operating status unverified,suggestion,,[1795],
suggestion-39eeb006e03b,Big Spring Farm,VA,Lexington,"Lexington, VA",Suggested location only; branch and operating status unverified,suggestion,,[1796],
suggestion-3d49bc2b491b,Billy Jack's,VA,Harrisonburg,"Harrisonburg, VA",Suggested location only; branch and operating status unverified,suggestion,,[1797],
suggestion-03c33377334a,Bots or Tots,VA,Blacksburg,"Blacksburg, VA",Suggested location only; branch and operating status unverified,suggestion,,[1798],
suggestion-51f09f7fec64,BT’s,VA,Radford,"Radford, VA",Suggested location only; branch and operating status unverified,suggestion,,[1799],
suggestion-f2e4e73096ce,Captain Groovy's,VA,Norfolk,"Norfolk, VA",Suggested location only; branch and operating status unverified,suggestion,,[1800],
suggestion-5ddd20e32485,Dirty Buffalo,VA,Norfolk,"Norfolk, VA",Suggested location only; branch and operating status unverified,suggestion,,"[1801,1802,1803,1804]",
suggestion-a691c121434c,Dirty Buffalo,VA,,VA,Suggested location only; branch and operating status unverified,suggestion,,[1805],
suggestion-f46cfd8dcf0e,East Coast Wings,VA,,VA,Suggested location only; branch and operating status unverified,suggestion,,[1806],
suggestion-21018ce6c669,East Coast Wings and Grill,VA,,VA,Suggested location only; branch and operating status unverified,suggestion,,[1807],
suggestion-b8f91c17701e,Fosters Grill,VA,,VA,Suggested location only; branch and operating status unverified,suggestion,,[1808],
suggestion-f0c776d9ce3a,Hard Times Cafe,VA,,VA,Suggested location only; branch and operating status unverified,suggestion,,[1809],
suggestion-8522aa8c83f9,Island Wing Company,VA,Harrisonburg,"Harrisonburg, VA",Suggested location only; branch and operating status unverified,suggestion,,[1810],
suggestion-cfabf82cfd4b,La Villa Roma,VA,Leesburg,"Leesburg, VA",Suggested location only; branch and operating status unverified,suggestion,,[1812],
suggestion-108727f8f577,Quarter Deck,VA,,VA,Suggested location only; branch and operating status unverified,suggestion,,[1813],
suggestion-691c0cbf84f9,Sheppard Street Tavern,VA,Richmond,"Richmond, VA",Suggested location only; branch and operating status unverified,suggestion,,[1814],
suggestion-621053d70605,Slim Chickens,VA,Lynchburg,"Lynchburg, VA",Suggested location only; branch and operating status unverified,suggestion,,[1815],
suggestion-eb8ef1aef63c,Sports Page,VA,Richmond,"Richmond, VA",Suggested location only; branch and operating status unverified,suggestion,,[1816],
suggestion-6f8fbe13f54b,Stafford Wings,VA,Stafford,"Stafford, VA",Suggested location only; branch and operating status unverified,suggestion,,[1817],
suggestion-7777e916dd78,The Clubhouse,VA,Lynchburg,"Lynchburg, VA",Suggested location only; branch and operating status unverified,suggestion,,"[1818,1819]",
suggestion-70c4cea28c5f,Velocity,VA,,VA,Suggested location only; branch and operating status unverified,suggestion,,[1820],
suggestion-939c7d9e8a6e,Velocity Wings,VA,Bristow,"Bristow, VA",Suggested location only; branch and operating status unverified,suggestion,,[1821],
suggestion-115b5a8a8211,5 Old Tavern,VT,Royalton,"Royalton, VT",Suggested location only; branch and operating status unverified,suggestion,,[1822],
suggestion-283227edd661,Cornerstone Kitchen,VT,Barre,"Barre, VT",Suggested location only; branch and operating status unverified,suggestion,,[1823],
suggestion-1cbb854994c9,Mark's BBQ,VT,,VT,Suggested location only; branch and operating status unverified,suggestion,,[1824],
suggestion-7a9d25a3114c,Mulligan's,VT,Barre,"Barre, VT",Suggested location only; branch and operating status unverified,suggestion,,[1825],
suggestion-c2fd75413370,The Pub,VT,Williamstown,"Williamstown, VT",Suggested location only; branch and operating status unverified,suggestion,,[1826],
suggestion-109db423b116,The Whip Bar and Grill,VT,Stowe,"Stowe, VT",Suggested location only; branch and operating status unverified,suggestion,,[1827],
suggestion-0f16254702ed,Wicked Wings,VT,,VT,Suggested location only; branch and operating status unverified,suggestion,,[1828],
suggestion-d36bba0d39a5,Burnett's Pub,WA,,WA,Suggested location only; branch and operating status unverified,suggestion,,[1829],
suggestion-e0c5c3b63192,Burnett’s Pub,WA,Renton,"Renton, WA",Suggested location only; branch and operating status unverified,suggestion,,[1830],
suggestion-afbc79f5afce,Chicken N More,WA,Spokane,"Spokane, WA",Suggested location only; branch and operating status unverified,suggestion,,[1831],
suggestion-1a7b8647d665,Clearwater,WA,East Wenatchee,"East Wenatchee, WA",Suggested location only; branch and operating status unverified,suggestion,,[1832],
suggestion-246823f1d494,Forum Social,WA,Bellevue,"Bellevue, WA",Suggested location only; branch and operating status unverified,suggestion,,[1833],
suggestion-abe781ab78ba,Green Pot Deli,WA,,WA,Suggested location only; branch and operating status unverified,suggestion,,[1834],
suggestion-7647a09f3e07,Ikonik Wings,WA,Lacey,"Lacey, WA",Suggested location only; branch and operating status unverified,suggestion,,[1835],
suggestion-42150a0bf0b1,Jade Garden,WA,Seattle,"Seattle, WA",Suggested location only; branch and operating status unverified,suggestion,,[1836],
suggestion-5d1b33717a54,Jae's,WA,Seattle,"Seattle, WA",Suggested location only; branch and operating status unverified,suggestion,,[1837],
suggestion-e1ace5fb1a6e,Kings Deli,WA,Seattle,"Seattle, WA",Suggested location only; branch and operating status unverified,suggestion,,[1838],
suggestion-dbbcabdd7646,Madison Avenue Pub,WA,Everett,"Everett, WA",Suggested location only; branch and operating status unverified,suggestion,,[1839],
suggestion-db085913c54e,Oak Tree,WA,Lakewood,"Lakewood, WA",Suggested location only; branch and operating status unverified,suggestion,,[1840],
suggestion-a69aac982dd4,Quik-pak,WA,Seattle,"Seattle, WA",Suggested location only; branch and operating status unverified,suggestion,,[1841],
suggestion-0bd5cfc6c813,The Viking,WA,Spokane,"Spokane, WA",Suggested location only; branch and operating status unverified,suggestion,,[1842],
suggestion-b44f7ed3d8ec,Tracyton Public House,WA,Bremerton,"Bremerton, WA",Suggested location only; branch and operating status unverified,suggestion,,[1843],
suggestion-1d3f8c503689,Underground Kitchen,WA,Federal Way,"Federal Way, WA",Suggested location only; branch and operating status unverified,suggestion,,[1844],
suggestion-09a6bb306a6a,Vindicktive,WA,Seattle,"Seattle, WA",Suggested location only; branch and operating status unverified,suggestion,,[1845],
suggestion-6f0d95e3768b,Vindicktive Bar and Wings,WA,Seattle,"Seattle, WA",Suggested location only; branch and operating status unverified,suggestion,,[1846],
suggestion-ee14f96208f2,Vindictive Wings,WA,Seattle,"Seattle, WA",Suggested location only; branch and operating status unverified,suggestion,,[1848],
suggestion-23cdfffe1433,Wheelhouse,WA,Blaine,"Blaine, WA",Suggested location only; branch and operating status unverified,suggestion,,[1849],
suggestion-2c31cd712cd3,Wingdome,WA,Seattle,"Seattle, WA",Suggested location only; branch and operating status unverified,suggestion,,[1850],
suggestion-6b355202a5b9,Wingdome,WA,,WA,Suggested location only; branch and operating status unverified,suggestion,,[1851],
suggestion-92a307b3d1f3,Wingman Birds and Brews,WA,Walla Walla,"Walla Walla, WA",Suggested location only; branch and operating status unverified,suggestion,,[1852],
suggestion-bca244667c32,Zoey's Fried Chicken,WA,Everett,"Everett, WA",Suggested location only; branch and operating status unverified,suggestion,,[1853],
suggestion-fc8fbfb855d4,“The bar”,WI,Oshkosh,"Oshkosh, WI",Suggested location only; branch and operating status unverified,suggestion,,[1854],
suggestion-2c9a751f1d8b,AC Tap,WI,Baileys Harbor,"Baileys Harbor, WI",Suggested location only; branch and operating status unverified,suggestion,,[1855],
suggestion-45f99d742ce4,Billy Ho's,WI,Pewaukee,"Pewaukee, WI",Suggested location only; branch and operating status unverified,suggestion,,[1856],
suggestion-c31328631d4e,Brass Tap,WI,Greenfield,"Greenfield, WI",Suggested location only; branch and operating status unverified,suggestion,,"[1857,1858]",
suggestion-abd2c0c0cee2,Camino,WI,Milwaukee,"Milwaukee, WI",Suggested location only; branch and operating status unverified,suggestion,,[1859],
suggestion-a2ac68b24f77,Chicken Lips  or technically it’s called Chicken Licks now,WI,Sun Prairie,"Sun Prairie, WI",Suggested location only; branch and operating status unverified,suggestion,,[1875],
suggestion-35ac84ad39ea,Fourth n Long,WI,West Allis,"West Allis, WI",Suggested location only; branch and operating status unverified,suggestion,,[1876],
suggestion-50855aa325be,Fourth n Long,WI,,WI,Suggested location only; branch and operating status unverified,suggestion,,"[1877,1878]",
suggestion-9f66c0d2834d,Golden Chicken,WI,Racine,"Racine, WI",Suggested location only; branch and operating status unverified,suggestion,,[1879],
suggestion-67278377aab9,Kenickys public house,WI,Richfield,"Richfield, WI",Suggested location only; branch and operating status unverified,suggestion,,[1880],
suggestion-4f16ad43a28e,Knucklehead Pub,WI,Eagle,"Eagle, WI",Suggested location only; branch and operating status unverified,suggestion,,[1881],
suggestion-1e26209f7544,Leff's Lucky Town,WI,,WI,Suggested location only; branch and operating status unverified,suggestion,,[1882],
suggestion-727c82c994ba,Legend Larry’s (Pennsylvania Ave Location),WI,Sheboygan,"Sheboygan, WI",Suggested location only; branch and operating status unverified,suggestion,,[1892],
suggestion-782d8c92e58c,Madison's,WI,Madison,"Madison, WI",Suggested location only; branch and operating status unverified,suggestion,,"[1894,1895]",
suggestion-5391fa95af22,Major Goolsby’s,WI,Milwaukee,"Milwaukee, WI",Suggested location only; branch and operating status unverified,suggestion,,[1896],
suggestion-6c02f3f52c37,Monks bar and grill,WI,Wisconsin Dells,"Wisconsin Dells, WI",Suggested location only; branch and operating status unverified,suggestion,,"[1897,1898]",
suggestion-bc6468a8408a,Neighborhood Draft,WI,Milwaukee,"Milwaukee, WI",Suggested location only; branch and operating status unverified,suggestion,,[1899],
suggestion-791e548440d1,O'Lydia's,WI,Milwaulkee,"Milwaulkee, WI",Suggested location only; branch and operating status unverified,suggestion,,[1900],
suggestion-7e1065bb20ec,Parker John's,WI,,WI,Suggested location only; branch and operating status unverified,suggestion,,[1901],
suggestion-f61189f613a1,Penny Bar,WI,Wind Lake,"Wind Lake, WI",Suggested location only; branch and operating status unverified,suggestion,,[1902],
suggestion-c04f3472c383,Points East,WI,Milwaukee,"Milwaukee, WI",Suggested location only; branch and operating status unverified,suggestion,,[1903],
suggestion-9c5c52d9d310,Points East,WI,Milwaulkee,"Milwaulkee, WI",Suggested location only; branch and operating status unverified,suggestion,,[1904],
suggestion-3376bc0aac4a,Points East Pub,WI,Milwaukee,"Milwaukee, WI",Suggested location only; branch and operating status unverified,suggestion,,"[1905,1906,1907]",
suggestion-9f9295bb0461,Points East Pub,WI,Milwaulkee,"Milwaulkee, WI",Suggested location only; branch and operating status unverified,suggestion,,"[1908,1909,1910,1911]",
suggestion-4b0f2f37523f,Points East Pub,WI,,WI,Suggested location only; branch and operating status unverified,suggestion,,[1912],
suggestion-237eb48b3ffa,River Inn Bar,WI,Chippewa Falls WI,"Chippewa Falls WI, WI",Suggested location only; branch and operating status unverified,suggestion,,[1913],
suggestion-2503084b83df,Scores,WI,,WI,Suggested location only; branch and operating status unverified,suggestion,,[1914],
suggestion-fa375612bd4d,Someplace else,WI,Elkhorn,"Elkhorn, WI",Suggested location only; branch and operating status unverified,suggestion,,[1915],
suggestion-45e53a231880,Spitfire,WI,Milwaulkee,"Milwaulkee, WI",Suggested location only; branch and operating status unverified,suggestion,,[1916],
suggestion-eb72c6f7f899,Sports Nut,WI,Lacrosse,"Lacrosse, WI",Suggested location only; branch and operating status unverified,suggestion,,[1917],
suggestion-40834b21701c,Stenny's,WI,Milwaulkee,"Milwaulkee, WI",Suggested location only; branch and operating status unverified,suggestion,,[1918],
suggestion-17839e8ff1c6,Steny's Tavern,WI,,WI,Suggested location only; branch and operating status unverified,suggestion,,[1919],
suggestion-46f3271eb7ad,Steny's Tavern & Grill,WI,Milwaukee,"Milwaukee, WI",Suggested location only; branch and operating status unverified,suggestion,,[1920],
suggestion-23eb7220c512,The Bar,WI,Green Bay,"Green Bay, WI",Suggested location only; branch and operating status unverified,suggestion,,"[1921,1922]",
suggestion-e950f6ebef04,The Bar - Holmgren Way,WI,Green Bay,"Green Bay, WI",Suggested location only; branch and operating status unverified,suggestion,,[1923],
suggestion-a3f022509d75,The Local,WI,Muskego,"Muskego, WI",Suggested location only; branch and operating status unverified,suggestion,,[1924],
suggestion-bf8cac444ffc,The Neighborhood Draft,WI,Milwaukee,"Milwaukee, WI",Suggested location only; branch and operating status unverified,suggestion,,[1925],
suggestion-b3310851c256,The Stoneyard Greenville,WI,Greenville,"Greenville, WI",Suggested location only; branch and operating status unverified,suggestion,,[1926],
suggestion-d0411a882f9f,Tom Ken’s,WI,Milwaukee,"Milwaukee, WI",Suggested location only; branch and operating status unverified,suggestion,,[1927],
suggestion-3430f85d2bf8,TomKens,WI,Milwaulkee,"Milwaulkee, WI",Suggested location only; branch and operating status unverified,suggestion,,"[1928,1929]",
suggestion-e33835a04aaa,TomKens,WI,West Allis,"West Allis, WI",Suggested location only; branch and operating status unverified,suggestion,,[1930],
suggestion-82777e0dc4a0,Tomkens,WI,,WI,Suggested location only; branch and operating status unverified,suggestion,,[1931],
suggestion-e382926c1e75,Uptown Bar and Grill,WI,Watertown,"Watertown, WI",Suggested location only; branch and operating status unverified,suggestion,,[1932],
suggestion-3b16c0610510,Wide World of Wings,WI,Superior,"Superior, WI",Suggested location only; branch and operating status unverified,suggestion,,"[1933,1934]",
suggestion-b322102275fd,Brickside,WV,Bridgeport,"Bridgeport, WV",Suggested location only; branch and operating status unverified,suggestion,,[1935],
suggestion-f23e6bfc826c,Buddy's All American BBQ,WV,Huntington,"Huntington, WV",Suggested location only; branch and operating status unverified,suggestion,,[1936],
suggestion-fc08b00b2318,DP Dough,WV,Huntington,"Huntington, WV",Suggested location only; branch and operating status unverified,suggestion,,[1937],
suggestion-c4762ac94920,Drover's,WV,Wellsburg,"Wellsburg, WV",Suggested location only; branch and operating status unverified,suggestion,,[1938],
suggestion-178246996278,Fat Patty's,WV,,WV,Suggested location only; branch and operating status unverified,suggestion,,[1940],
suggestion-1997ffb81acb,Lakehouse,WV,Morgantown,"Morgantown, WV",Suggested location only; branch and operating status unverified,suggestion,,[1941],
suggestion-eaee5efad1bd,Rivers Edge Cafe,WV,St. Albans,"St. Albans, WV",Suggested location only; branch and operating status unverified,suggestion,,"[1942,1943]",
suggestion-4269010a7d02,The Caboose,WV,Clarksburg,"Clarksburg, WV",Suggested location only; branch and operating status unverified,suggestion,,[1944],
suggestion-7eedee46dd56,Yacht Club,WV,Fairplain,"Fairplain, WV",Suggested location only; branch and operating status unverified,suggestion,,[1945],
suggestion-63026d51f571,Born in a Barn,WY,,WY,Suggested location only; branch and operating status unverified,suggestion,,[1946],
suggestion-403bec242f52,Double Dub’s (Wetzel’s Wings),WY,Laramie,"Laramie, WY",Suggested location only; branch and operating status unverified,suggestion,,[1948],
suggestion-abe0356ec735,Double Dubs(Weitzel’s Wings),WY,Laramie,"Laramie, WY",Suggested location only; branch and operating status unverified,suggestion,,[1950],
suggestion-06c4e4ad3be5,Double dubs/Weitzel's Wings,WY,Laramie/Cheyenne,"Laramie/Cheyenne, WY",Suggested location only; branch and operating status unverified,suggestion,,[1951],
suggestion-229d52ca2059,I Scream for Wings,WY,Casper,"Casper, WY",Suggested location only; branch and operating status unverified,suggestion,,[1952],
suggestion-2a481a3b6190,Sweet Melissa’s,WY,Laramie,"Laramie, WY",Suggested location only; branch and operating status unverified,suggestion,,[1953],
suggestion-2547b1915271,The Bird,WY,Jackson Hole,"Jackson Hole, WY",Suggested location only; branch and operating status unverified,suggestion,,"[1954,1955]",
suggestion-73639e9e7c9c,Wyoming Hot Wings,WY,Casper,"Casper, WY",Suggested location only; branch and operating status unverified,suggestion,,[1958],
